Cheval	Âge	Sexe	Race	Courses	Victoires	Places	Allocation tot.	Prime Prop.	Alloc. + Prime Prop.	Gain moyen	Valeur
NO LUNCH	5	M	PUR SANG	3	3	0	58600,00	26370,00	84970,00	19533,33	505
SAINT MARTIN	3	M	PUR SANG	4	3	1	54556,00	40916,00	95472,00	13639,00	460
CENTRAL PARK WEST	8	H	PUR SANG	5	2	2	45595,00	20515,00	66110,00	9119,00	415
TALENTUOSO	5	H	PUR SANG	4	1	3	44396,00	0,00	44396,00	11099,00	400
VATICANA	3	F	PUR SANG	4	2	2	43306,00	32478,00	75784,00	10826,50	480
SCARFACE	8	H	PUR SANG	8	1	6	43229,00	19451,00	62680,00	5403,63	390
GRAND BALCON	7	H	PUR SANG	4	1	2	42248,00	19009,00	61257,00	10562,00	380
HELLO JO	3	M	PUR SANG	3	2	1	42194,00	31643,00	73837,00	14064,67	445
FIRE REBEL	5	H	PUR SANG	4	2	2	40706,00	18316,00	59022,00	10176,50	430
CREW DRAGON	9	H	PUR SANG	6	2	3	40625,00	18279,00	58904,00	6770,83	415
HORIZON DORE	6	H	PUR SANG	3	1	2	40532,00	18239,00	58771,00	13510,67	490
MARLOWE	6	H	PUR SANG	5	1	4	39205,00	17640,00	56845,00	7841,00	360
AIDAN'S PHONE	4	H	PUR SANG	4	1	3	39122,00	17604,00	56726,00	9780,50	450
STAR OF ARTABAN	4	H	PUR SANG	3	3	0	38900,00	0,00	38900,00	12966,67	410
CAMPONANES	3	M	PUR SANG	6	4	2	38370,00	0,00	38370,00	6395,00	380
BARBATE	6	H	PUR SANG	2	2	0	37800,00	17009,00	54809,00	18900,00	425
IZASTEP	6	M	PUR SANG	5	3	1	37722,00	16973,00	54695,00	7544,40	385
REGALIEN	7	M	PUR SANG	7	2	3	36643,00	16487,00	53130,00	5234,71	375
BRIGHT PICTURE	5	H	PUR SANG	1	1	0	36600,00	16470,00	53070,00	36600,00	510
COLONEL MITCH	4	H	PUR SANG	3	1	2	36394,00	16375,00	52769,00	12131,33	430
SILIUS	4	M	PUR SANG	2	2	0	36150,00	16267,00	52417,00	18075,00	500
MY CALYX CEN	3	M	PUR SANG	2	2	0	35200,00	26399,00	61599,00	17600,00	455
FOU FURIEUX	5	M	PUR SANG	4	1	1	35122,00	15803,00	50925,00	8780,50	405
TORTISAMBERT	5	H	PUR SANG	3	1	1	35122,00	15803,00	50925,00	11707,33	435
ZELORO	5	H	PUR SANG	3	1	2	34612,00	15574,00	50186,00	11537,33	425
TIPINSO	4	M	PUR SANG	3	1	2	34220,00	15399,00	49619,00	11406,67	450
AUTEUR	5	M	PUR SANG	5	2	3	34101,00	15345,00	49446,00	6820,20	370
COLIN THE BRAVE	4	H	PUR SANG	3	1	2	34060,00	0,00	34060,00	11353,33	455
KAILANI	3	M	PUR SANG	4	2	1	33830,00	25372,00	59202,00	8457,50	450
ZELZARI	5	H	PUR SANG	4	1	3	33234,00	14953,00	48187,00	8308,50	390
GRECIAN COMET	4	F	PUR SANG	4	1	2	32933,00	14818,00	47751,00	8233,25	435
APOLIDE	3	M	PUR SANG	4	2	1	32864,00	24648,00	57512,00	8216,00	420
CLAVUS	5	M	PUR SANG	3	1	2	32679,00	14704,00	47383,00	10893,00	465
OUT OF THE BLUE	4	H	PUR SANG	6	3	1	32628,00	14682,00	47310,00	5438,00	340
IVORY SPRING	7	H	PUR SANG	4	3	1	32300,00	14535,00	46835,00	8075,00	410
MISE EN BOITE	4	M	PUR SANG	2	1	1	32062,00	14427,00	46489,00	16031,00	445
LAVENDIN	5	H	PUR SANG	4	3	1	31786,00	14303,00	46089,00	7946,50	355
MEMPHIS TENNESSEE	5	M	PUR SANG	4	1	2	31087,00	13987,00	45074,00	7771,75	380
MODERN SPIRIT	4	H	PUR SANG	6	2	4	31081,00	13983,00	45064,00	5180,17	325
SAINT SAENS	3	M	PUR SANG	2	1	1	30960,00	23220,00	54180,00	15480,00	390
GILDED DRAGON	5	H	PUR SANG	4	1	2	30794,00	13856,00	44650,00	7698,50	415
FERDINAND PREMIER	4	H	PUR SANG	4	2	1	30789,00	13855,00	44644,00	7697,25	385
BELIEVER	5	M	PUR SANG	2	1	1	30582,00	13761,00	44343,00	15291,00	455
SENATRICE	3	F	PUR SANG	6	2	4	30169,00	22625,00	52794,00	5028,17	395
ACOTANGO	5	H	PUR SANG	8	2	5	30130,00	13557,00	43687,00	3766,25	340
ALWAYS WELCOME	9	H	PUR SANG	4	2	1	30104,00	13546,00	43650,00	7526,00	425
PUMALIN PARK	6	H	PUR SANG	3	1	1	30031,00	13513,00	43544,00	10010,33	405
ALHAEBA	3	M	PUR SANG	3	2	1	29844,00	0,00	29844,00	9948,00	425
HAYEJOHN	6	H	PUR SANG	4	2	2	29810,00	13412,00	43222,00	7452,50	305
MODELE ABSOLU	3	M	PUR SANG	3	3	0	29300,00	21974,00	51274,00	9766,67	350
SASKATOON	5	H	PUR SANG	6	2	3	29088,00	13089,00	42177,00	4848,00	380
BAKLAWA	3	F	PUR SANG	2	1	1	28986,00	21739,00	50725,00	14493,00	450
HAUTE GAMME	5	H	PUR SANG	7	1	6	28334,00	12748,00	41082,00	4047,71	250
DAMABIAH ANGEL	3	F	PUR SANG	5	2	3	27662,00	20743,00	48405,00	5532,40	340
ORLHENA	5	F	PUR SANG	6	2	2	27323,00	12294,00	39617,00	4553,83	310
GOLD PLAYER	7	H	PUR SANG	4	1	2	27110,00	12198,00	39308,00	6777,50	375
MANEKI	4	M	PUR SANG	2	1	1	27000,00	12150,00	39150,00	13500,00	445
SAGANO	3	M	PUR SANG	3	2	1	26880,00	20160,00	47040,00	8960,00	430
BLUFF	6	H	PUR SANG	8	3	3	26810,00	12063,00	38873,00	3351,25	305
HATANKA FAL	3	F	PUR SANG	3	2	1	26765,00	20073,00	46838,00	8921,67	400
CLICCLIC PANPANPAN	6	F	PUR SANG	6	2	1	26676,00	12003,00	38679,00	4446,00	285
BEJAR	5	F	PUR SANG	5	2	3	26504,00	11926,00	38430,00	5300,80	295
FELIX AUX ORMES	4	M	PUR SANG	4	0	3	26470,00	11908,00	38378,00	6617,50	385
ANOLANTE	3	H	PUR SANG	5	2	1	26410,00	19807,00	46217,00	5282,00	330
BIG LOG	6	H	PUR SANG	3	1	1	26402,00	11880,00	38282,00	8800,67	390
MICOLEO	7	H	PUR SANG	6	2	3	26241,00	11807,00	38048,00	4373,50	250
TASHANKA	5	M	PUR SANG	4	2	2	26208,00	11793,00	38001,00	6552,00	410
CHAUMIERE DE PRE	4	H	PUR SANG	3	2	1	25570,00	11505,00	37075,00	8523,33	435
DIVIDE AND RULE	5	F	PUR SANG	2	1	0	25450,00	11452,00	36902,00	12725,00	420
BAYAMOON	5	M	PUR SANG	3	1	0	25450,00	11452,00	36902,00	8483,33	420
MODERN LIGHT	5	F	PUR SANG	3	1	0	25450,00	11452,00	36902,00	8483,33	360
QUEST FOR MAGIC	4	F	PUR SANG	1	1	0	25450,00	11452,00	36902,00	25450,00	405
GUILLERETTE	4	F	PUR SANG	3	1	0	25450,00	11452,00	36902,00	8483,33	360
PURPLE LION	4	H	PUR SANG	1	1	0	25450,00	11452,00	36902,00	25450,00	430
ANASHKAYA	3	F	PUR SANG	3	1	2	25209,00	0,00	25209,00	8403,00	420
EDAJA	3	F	PUR SANG	2	2	0	25150,00	18862,00	44012,00	12575,00	
ELASTIC	3	M	PUR SANG	1	1	0	25150,00	18862,00	44012,00	25150,00	470
ARKANSAS	3	F	PUR SANG	1	1	0	25150,00	18862,00	44012,00	25150,00	450
KIMI REY	3	F	PUR SANG	1	1	0	25150,00	0,00	25150,00	25150,00	460
ALEXANDER MAXIMUS	3	M	PUR SANG	4	2	2	24892,00	18668,00	43560,00	6223,00	380
RUE DE L'ODEON	4	F	PUR SANG	6	2	2	24730,00	11128,00	35858,00	4121,67	320
COSMIC BOY	3	M	PUR SANG	3	2	1	24540,00	18404,00	42944,00	8180,00	425
SWEET FOR ME	3	F	PUR SANG	3	2	1	24540,00	18404,00	42944,00	8180,00	395
ANTICO	5	H	PUR SANG	7	2	3	24407,00	10981,00	35388,00	3486,71	280
GRAND MACHO	5	H	PUR SANG	7	2	4	24142,00	10862,00	35004,00	3448,86	285
SHARP RISE	6	H	PUR SANG	3	2	1	24089,00	0,00	24089,00	8029,67	395
BLARNEY	4	H	PUR SANG	3	2	0	24000,00	0,00	24000,00	8000,00	385
DUBALAA	4	H	PUR SANG	3	0	3	23925,00	10763,00	34688,00	7975,00	375
MARQUISAT	6	H	PUR SANG	1	1	0	23800,00	0,00	23800,00	23800,00	510
TIZIAN	4	H	PUR SANG	5	1	4	23534,00	10587,00	34121,00	4706,80	325
MONTGAUDRY	6	H	PUR SANG	4	1	3	23200,00	10438,00	33638,00	5800,00	355
GOLDENSIM	6	H	PUR SANG	9	1	7	23150,00	10413,00	33563,00	2572,22	320
LOUIS OTHON	4	H	PUR SANG	4	2	1	23136,00	10411,00	33547,00	5784,00	345
MURANO	6	H	PUR SANG	6	2	4	23132,00	10408,00	33540,00	3855,33	245
FALOU CHOPE	3	F	PUR SANG	3	2	1	23060,00	17294,00	40354,00	7686,67	345
LORD ASRIEL D ALME	5	H	PUR SANG	6	2	3	22833,00	10272,00	33105,00	3805,50	245
AL RATEEL	3	F	PUR SANG	3	2	0	22400,00	0,00	22400,00	7466,67	420
ASLAN SENORA	7	H	PUR SANG	4	2	2	22372,00	10065,00	32437,00	5593,00	310
MISTY CITY	3	F	PUR SANG	9	1	5	22277,00	16706,00	38983,00	2475,22	340
AIMANT	8	H	PUR SANG	5	2	3	22170,00	9975,00	32145,00	4434,00	270
DREAMS	8	M	PUR SANG	4	1	3	22129,00	9957,00	32086,00	5532,25	335
SOGYNT	7	H	PUR SANG	5	2	3	22124,00	9953,00	32077,00	4424,80	325
KIEVSKY	6	H	PUR SANG	7	2	4	22013,00	9904,00	31917,00	3144,71	310
AFANDY	3	H	PUR SANG	2	1	1	21960,00	16470,00	38430,00	10980,00	460
BIN ZARAK	4	M	PUR SANG	4	1	2	21890,00	9850,00	31740,00	5472,50	400
WIND OF CHANGE	8	H	PUR SANG	6	1	4	21856,00	9833,00	31689,00	3642,67	320
GRECIAN BONANZA	6	M	PUR SANG	5	2	2	21728,00	9777,00	31505,00	4345,60	395
LIVRY	4	F	PUR SANG	2	2	0	21600,00	9720,00	31320,00	10800,00	365
SELF SOLUTION	5	H	PUR SANG	5	2	2	21471,00	0,00	21471,00	4294,20	360
NEKKETSU	3	M	PUR SANG	3	1	2	21412,00	16057,00	37469,00	7137,33	390
ALOYSIUS	4	M	PUR SANG	3	0	3	21379,00	9618,00	30997,00	7126,33	385
MARTAGNY	3	M	PUR SANG	2	1	1	21245,00	15933,00	37178,00	10622,50	430
AL MAX	4	H	PUR SANG	3	1	2	21162,00	9522,00	30684,00	7054,00	400
PADDINGTON	3	M	PUR SANG	3	2	1	21110,00	15832,00	36942,00	7036,67	330
ZAHYANA	6	F	PUR SANG	3	1	2	21024,00	9460,00	30484,00	7008,00	410
LOFSONGUR ISLANDE	6	F	PUR SANG	3	2	1	20960,00	9431,00	30391,00	6986,67	275
ZOLIA	4	F	PUR SANG	6	2	4	20764,00	9340,00	30104,00	3460,67	350
FAVORY CHOP	5	H	PUR SANG	4	1	2	20753,00	9337,00	30090,00	5188,25	315
GO LOVE	7	H	PUR SANG	4	1	3	20579,00	9259,00	29838,00	5144,75	325
EASTMAN	4	M	PUR SANG	5	1	4	20445,00	9198,00	29643,00	4089,00	255
TORNADO ALLEY	3	M	PUR SANG	3	1	2	20210,00	15157,00	35367,00	6736,67	385
BEETLEJUICE	4	H	PUR SANG	4	1	2	20186,00	9083,00	29269,00	5046,50	345
BON VIVEUR	3	M	PUR SANG	4	1	3	20178,00	15133,00	35311,00	5044,50	400
ZACAPO	7	H	PUR SANG	7	1	5	20034,00	0,00	20034,00	2862,00	355
DISTURBED	5	H	PUR SANG	5	1	3	19950,00	8975,00	28925,00	3990,00	360
WARRIORS WHISPER	3	F	PUR SANG	2	1	1	19895,00	0,00	19895,00	9947,50	
MASTER PAT	5	H	PUR SANG	4	1	3	19848,00	8930,00	28778,00	4962,00	315
LOLLIPOP DES PINS	5	F	PUR SANG	4	2	2	19820,00	8917,00	28737,00	4955,00	300
WONDER BOY	11	H	PUR SANG	6	1	5	19800,00	8908,00	28708,00	3300,00	320
JESS LIVERMORE	5	H	PUR SANG	4	1	3	19770,00	8894,00	28664,00	4942,50	285
REMENBER CHOPE	3	F	PUR SANG	3	1	2	19748,00	14810,00	34558,00	6582,67	350
LE TYCOON	4	H	PUR SANG	7	1	5	19724,00	8873,00	28597,00	2817,71	275
KHALINSKHA	3	F	PUR SANG	3	2	0	19650,00	14737,00	34387,00	6550,00	400
ROZARION	3	M	PUR SANG	4	0	4	19586,00	14688,00	34274,00	4896,50	365
SIR CRATER	4	M	PUR SANG	3	2	1	19572,00	8807,00	28379,00	6524,00	375
USER AMISTOSO	5	H	PUR SANG	4	2	2	19507,00	8776,00	28283,00	4876,75	320
SIR GARSING	5	H	PUR SANG	7	3	1	19386,00	8723,00	28109,00	2769,43	280
LINFASOMMER	6	F	PUR SANG	4	1	3	19380,00	8720,00	28100,00	4845,00	360
DAPANGO	7	H	PUR SANG	3	2	1	19348,00	0,00	19348,00	6449,33	385
BOSIOH	9	M	PUR SANG	6	1	5	19326,00	8694,00	28020,00	3221,00	310
SOFT DREAM	3	M	PUR SANG	2	2	0	19300,00	14475,00	33775,00	9650,00	360
L'ALTA ROCCA	3	M	PUR SANG	4	1	3	19286,00	14464,00	33750,00	4821,50	315
MISTERWINNER	4	H	PUR SANG	3	1	2	19282,00	8675,00	27957,00	6427,33	370
SECOND TO NONE	8	H	PUR SANG	5	1	4	19270,00	0,00	19270,00	3854,00	210
MISTER CHANG	4	H	PUR SANG	2	1	1	18981,00	8541,00	27522,00	9490,50	385
POLO BABY	4	H	PUR SANG	6	1	5	18979,00	8537,00	27516,00	3163,17	230
SAFRAN DORE	3	H	PUR SANG	4	1	3	18895,00	14170,00	33065,00	4723,75	400
EXHIT	7	H	PUR SANG	5	2	3	18848,00	8479,00	27327,00	3769,60	290
AMUSANTE	3	F	PUR SANG	4	1	3	18624,00	0,00	18624,00	4656,00	355
KENSILVER	4	M	PUR SANG	3	1	2	18588,00	8363,00	26951,00	6196,00	285
LIGHT L'AUDRIELLE	3	M	PUR SANG	3	1	2	18588,00	13939,00	32527,00	6196,00	375
SATURDAY NIGHT	4	F	PUR SANG	4	1	1	18422,00	8289,00	26711,00	4605,50	360
SPACE GOOD	3	H	PUR SANG	4	1	3	18258,00	13693,00	31951,00	4564,50	350
JOEY UP	8	H	PUR SANG	6	1	4	18218,00	8196,00	26414,00	3036,33	275
PIC DU MIDI	5	H	PUR SANG	3	2	0	18200,00	8190,00	26390,00	6066,67	300
VIANETA	5	F	PUR SANG	5	2	1	18135,00	8160,00	26295,00	3627,00	235
COOLMEEN ROYAL	7	H	PUR SANG	3	1	2	18090,00	8139,00	26229,00	6030,00	325
GOLDEN BROWN	4	H	PUR SANG	4	2	1	18058,00	8126,00	26184,00	4514,50	330
DIXMUDE	4	H	PUR SANG	3	1	2	18007,00	8101,00	26108,00	6002,33	390
DREAM IN NORMANDY	10	H	PUR SANG	7	1	5	17998,00	8098,00	26096,00	2571,14	180
MAY IT BE	5	F	PUR SANG	3	1	2	17880,00	8043,00	25923,00	5960,00	415
ELUSIVE FOOT	9	H	PUR SANG	4	1	2	17873,00	8041,00	25914,00	4468,25	345
MARTIAL ART	7	H	PUR SANG	4	1	1	17872,00	8041,00	25913,00	4468,00	290
HUMAN EVOLUTION	5	M	PUR SANG	2	1	1	17872,00	0,00	17872,00	8936,00	335
CANNELLO	10	H	PUR SANG	4	2	1	17767,00	7994,00	25761,00	4441,75	310
CLAVIS AUREA	4	F	PUR SANG	3	1	2	17710,00	7969,00	25679,00	5903,33	370
ONKEL VOLLI	8	H	PUR SANG	6	1	3	17588,00	0,00	17588,00	2931,33	370
MAGNETIQUE	11	H	PUR SANG	5	1	2	17486,00	0,00	17486,00	3497,20	220
CARTAAM	4	H	PUR SANG	4	1	3	17484,00	7866,00	25350,00	4371,00	275
SHOWPOWER	5	H	PUR SANG	5	2	3	17456,00	0,00	17456,00	3491,20	350
ILIANNABELLA	3	F	PUR SANG	4	1	3	17442,00	0,00	17442,00	4360,50	360
SUMMER FLIRT	5	F	PUR SANG	5	2	1	17407,00	7832,00	25239,00	3481,40	230
DARIUS CEN	4	M	PUR SANG	1	1	0	17400,00	7830,00	25230,00	17400,00	470
STOLEN KISS	4	M	PUR SANG	2	1	0	17400,00	7830,00	25230,00	8700,00	460
CASAPUEBLO	5	H	PUR SANG	1	1	0	17400,00	7830,00	25230,00	17400,00	505
ASMARANI	4	H	PUR SANG	1	1	0	17400,00	0,00	17400,00	17400,00	480
GUSTO	3	M	PUR SANG	2	1	1	17380,00	13034,00	30414,00	8690,00	430
HERCULE STAR	3	M	PUR SANG	4	1	3	17370,00	0,00	17370,00	4342,50	340
SEDSER	5	F	PUR SANG	6	1	4	17324,00	7794,00	25118,00	2887,33	235
ANTINEA	8	F	PUR SANG	5	1	4	17304,00	7785,00	25089,00	3460,80	230
KOLPLET	6	H	PUR SANG	4	2	0	17250,00	7762,00	25012,00	4312,50	310
ANNABEL'S GHOST	5	H	PUR SANG	2	1	1	17214,00	0,00	17214,00	8607,00	415
AZURE DRAGON	3	M	PUR SANG	2	1	1	17044,00	12781,00	29825,00	8522,00	
QUANTAS	3	M	PUR SANG	2	1	1	17044,00	0,00	17044,00	8522,00	
ANDOUINS	5	H	PUR SANG	3	1	1	16992,00	7646,00	24638,00	5664,00	310
SISKA	3	F	PUR SANG	4	0	4	16968,00	12725,00	29693,00	4242,00	320
SWISS MONEY	6	H	PUR SANG	5	1	4	16882,00	7595,00	24477,00	3376,40	360
MUELHEIMER PERLE	8	F	PUR SANG	6	1	4	16805,00	0,00	16805,00	2800,83	335
HALF HALF	6	H	PUR SANG	3	0	2	16798,00	7557,00	24355,00	5599,33	380
MELUSINE DU HOULEY	3	F	PUR SANG	3	0	3	16780,00	12582,00	29362,00	5593,33	375
NURLAT	3	H	PUR SANG	3	1	2	16768,00	12576,00	29344,00	5589,33	420
UN JOUR POUR MOI	4	H	PUR SANG	3	2	1	16766,00	7543,00	24309,00	5588,67	340
ROMANCE MARINE	5	F	PUR SANG	5	1	2	16507,00	7426,00	23933,00	3301,40	305
QUEMAZAL	3	M	PUR SANG	3	1	2	16464,00	12348,00	28812,00	5488,00	380
ASPIRE	3	F	PUR SANG	3	1	2	16404,00	12302,00	28706,00	5468,00	370
ASTIRA	3	F	PUR SANG	3	1	2	16370,00	12277,00	28647,00	5456,67	405
ROSENINSEL	3	F	PUR SANG	3	1	2	16360,00	12269,00	28629,00	5453,33	410
TIAMOWAY	4	H	PUR SANG	3	1	2	16320,00	7344,00	23664,00	5440,00	375
REUX	4	M	PUR SANG	10	1	7	16311,00	7336,00	23647,00	1631,10	275
RISING WATER	3	F	PUR SANG	4	1	3	16228,00	12170,00	28398,00	4057,00	350
BEST SHALAA	5	F	PUR SANG	4	1	3	16224,00	7299,00	23523,00	4056,00	260
DAMIETTA	3	F	PUR SANG	3	1	2	16188,00	12141,00	28329,00	5396,00	380
INJU	3	F	PUR SANG	3	1	2	16145,00	0,00	16145,00	5381,67	430
BLACK SOLEA	3	F	PUR SANG	5	1	3	16098,00	0,00	16098,00	3219,60	360
SAHIMAA	3	F	PUR SANG	3	1	2	16062,00	12046,00	28108,00	5354,00	380
EL PROFESSOR CHOP	6	H	PUR SANG	7	1	4	16014,00	7205,00	23219,00	2287,71	175
EQUULEUS	3	M	PUR SANG	2	1	1	15998,00	11998,00	27996,00	7999,00	
COLOMBY	3	H	PUR SANG	2	1	1	15934,00	11950,00	27884,00	7967,00	
TURBULENTE	3	F	PUR SANG	2	1	1	15934,00	11950,00	27884,00	7967,00	
SIR WALTER	6	H	PUR SANG	3	1	2	15829,00	7121,00	22950,00	5276,33	340
MAUI	3	H	PUR SANG	2	1	1	15808,00	11855,00	27663,00	7904,00	375
VADIROUMA	3	F	PUR SANG	3	1	1	15808,00	11855,00	27663,00	5269,33	380
PINGO	8	F	PUR SANG	6	0	5	15804,00	7109,00	22913,00	2634,00	300
LEPARD	7	M	PUR SANG	6	2	2	15785,00	7103,00	22888,00	2630,83	320
GIN GEMBRE	9	H	PUR SANG	7	0	7	15736,00	7077,00	22813,00	2248,00	160
KAWAALOT	4	H	PUR SANG	7	1	2	15620,00	7029,00	22649,00	2231,43	315
MAXIMILIEN	3	M	PUR SANG	2	1	1	15592,00	11693,00	27285,00	7796,00	425
OLYMPIC MESSAGE	6	H	PUR SANG	3	0	3	15524,00	6984,00	22508,00	5174,67	415
SIR TOMMY CEN	4	M	PUR SANG	3	1	2	15502,00	6975,00	22477,00	5167,33	440
SILVER ARROW	4	H	PUR SANG	4	1	3	15470,00	0,00	15470,00	3867,50	350
THE FIST	3	M	PUR SANG	4	1	2	15446,00	11583,00	27029,00	3861,50	300
LIGHT OF THUNDER	3	F	PUR SANG	2	1	1	15360,00	11520,00	26880,00	7680,00	340
NOBLE D'ARGENT	3	H	PUR SANG	2	1	0	15350,00	11512,00	26862,00	7675,00	405
DSCHINGIS HEIGHTS	6	H	PUR SANG	6	1	3	15323,00	6893,00	22216,00	2553,83	265
PINK PANTHERA	3	F	PUR SANG	2	1	1	15266,00	11449,00	26715,00	7633,00	420
RUE POUSSIN	4	F	PUR SANG	2	1	1	15250,00	6861,00	22111,00	7625,00	305
SEESHAUPT	3	F	PUR SANG	3	1	1	15178,00	11383,00	26561,00	5059,33	355
MARINALEDA	4	F	PUR SANG	2	0	2	15144,00	6813,00	21957,00	7572,00	365
CORONADO	5	H	PUR SANG	4	1	2	15138,00	6810,00	21948,00	3784,50	300
MAROONED	4	F	PUR SANG	2	1	1	15120,00	6804,00	21924,00	7560,00	380
COMTE NOIR	5	H	PUR SANG	4	1	3	15050,00	6771,00	21821,00	3762,50	270
LA MARITZA	3	F	PUR SANG	6	1	3	15035,00	11274,00	26309,00	2505,83	315
AMOUAGE	5	H	PUR SANG	3	1	1	15022,00	6759,00	21781,00	5007,33	275
FRIENDS DREAM	5	F	PUR SANG	5	1	4	14936,00	6719,00	21655,00	2987,20	230
ARTEMISE	3	F	PUR SANG	4	1	2	14908,00	11181,00	26089,00	3727,00	320
KOMET CHOP	3	M	PUR SANG	4	1	3	14899,00	11173,00	26072,00	3724,75	375
LILAS TREZY	4	F	PUR SANG	3	1	1	14888,00	6699,00	21587,00	4962,67	305
MELANIES JOY	5	H	PUR SANG	4	1	2	14885,00	0,00	14885,00	3721,25	285
OCTANE	4	H	PUR SANG	4	1	3	14871,00	0,00	14871,00	3717,75	300
ITAEWON	6	M	PUR SANG	5	1	2	14779,00	6649,00	21428,00	2955,80	270
ALBERTINELLI	7	H	PUR SANG	2	1	1	14750,00	6636,00	21386,00	7375,00	260
ST GERMAIN	3	H	PUR SANG	5	1	4	14733,00	11049,00	25782,00	2946,60	280
ZAKOSHA	4	F	PUR SANG	3	1	2	14724,00	6625,00	21349,00	4908,00	360
REVE DU FRAISSE	3	M	PUR SANG	2	1	1	14712,00	11033,00	25745,00	7356,00	360
BARGING THRU	7	H	PUR SANG	4	1	2	14706,00	0,00	14706,00	3676,50	330
JEZQAZGAN	3	M	PUR SANG	5	1	4	14660,00	10994,00	25654,00	2932,00	330
AZIMPOUR	4	M	PUR SANG	1	0	1	14640,00	0,00	14640,00	14640,00	505
ALPENVEILCHEN	3	F	PUR SANG	2	1	1	14630,00	10972,00	25602,00	7315,00	400
BAWE ISLAND	5	F	PUR SANG	6	2	2	14623,00	6580,00	21203,00	2437,17	220
ODIN NORMANDY	7	H	PUR SANG	3	2	0	14600,00	6570,00	21170,00	4866,67	295
ROI TREZY	3	M	PUR SANG	3	1	2	14593,00	10944,00	25537,00	4864,33	350
ZARAMIX	3	M	PUR SANG	2	1	1	14573,00	10929,00	25502,00	7286,50	
CHARMING ZEL	3	F	PUR SANG	2	1	1	14573,00	10929,00	25502,00	7286,50	
ACARY	3	H	PUR SANG	2	1	1	14573,00	10929,00	25502,00	7286,50	
NEW CONNECTION	3	H	PUR SANG	2	1	1	14573,00	0,00	14573,00	7286,50	
NO TUNE	3	F	PUR SANG	2	0	2	14540,00	10905,00	25445,00	7270,00	445
ALKIDAN	4	H	PUR SANG	4	1	2	14492,00	6520,00	21012,00	3623,00	335
NIGHT ACTION	5	H	PUR SANG	6	1	4	14430,00	6492,00	20922,00	2405,00	240
SPIRIT GREY	6	H	PUR SANG	5	1	4	14402,00	6479,00	20881,00	2880,40	235
USER KINDLY	7	M	PUR SANG	3	2	0	14400,00	0,00	14400,00	4800,00	310
SPRING HEART	5	F	PUR SANG	2	1	0	14400,00	6480,00	20880,00	7200,00	330
COSMIC FRONT	5	F	PUR SANG	2	1	0	14400,00	6480,00	20880,00	7200,00	375
AME D'OR	4	F	PUR SANG	2	1	0	14400,00	6480,00	20880,00	7200,00	370
ANANTEAL	4	H	PUR SANG	5	1	2	14390,00	6475,00	20865,00	2878,00	375
LOHENGREEN	3	M	PUR SANG	2	1	1	14320,00	10739,00	25059,00	7160,00	390
MISTER POWER	6	H	PUR SANG	5	1	3	14311,00	6438,00	20749,00	2862,20	265
ON LOCKDOWN	7	H	PUR SANG	4	1	3	14305,00	6436,00	20741,00	3576,25	350
TEN HORNS	5	M	PUR SANG	3	0	3	14266,00	6418,00	20684,00	4755,33	420
NO BAY	5	H	PUR SANG	3	1	1	14160,00	6372,00	20532,00	4720,00	360
LE CONQUERANT	4	H	PUR SANG	2	1	1	14160,00	6372,00	20532,00	7080,00	370
SISSY DU GROHO	4	F	PUR SANG	2	1	1	14144,00	6364,00	20508,00	7072,00	330
WILD MOOR	4	F	PUR SANG	3	1	1	14110,00	6349,00	20459,00	4703,33	285
VICTORY CALL	4	F	PUR SANG	4	0	3	14097,00	6342,00	20439,00	3524,25	350
EOSTRE	3	F	PUR SANG	2	1	1	14084,00	0,00	14084,00	7042,00	
YOKEN	5	H	PUR SANG	3	1	1	13986,00	6293,00	20279,00	4662,00	350
FREJA	7	F	PUR SANG	3	1	2	13964,00	6283,00	20247,00	4654,67	350
SPEEDY GREEN	4	H	PUR SANG	4	1	3	13894,00	6251,00	20145,00	3473,50	300
SUN PROJECT	5	H	PUR SANG	3	1	1	13878,00	6244,00	20122,00	4626,00	260
DUBAIEARTH	3	F	PUR SANG	3	1	2	13874,00	0,00	13874,00	4624,67	385
DISILLUSION	6	M	PUR SANG	3	1	2	13861,00	0,00	13861,00	4620,33	390
VALENTINE DAY	4	F	PUR SANG	5	1	3	13852,00	6233,00	20085,00	2770,40	260
MAD WHIP	8	H	PUR SANG	3	1	1	13800,00	6209,00	20009,00	4600,00	335
CAYSSIE MA STAR	4	F	PUR SANG	4	1	3	13786,00	6202,00	19988,00	3446,50	290
I AM STILL STANDING	3	F	PUR SANG	4	1	2	13775,00	10329,00	24104,00	3443,75	325
RADIANT	3	F	PUR SANG	1	1	0	13700,00	10275,00	23975,00	13700,00	375
VIVA LA SKIDS	3	F	PUR SANG	3	1	0	13700,00	10275,00	23975,00	4566,67	435
SAY SQUIRREL	2	F	PUR SANG	1	1	0	13700,00	10275,00	23975,00	13700,00	
SLEIPNIR NORMANDY	5	H	PUR SANG	5	1	2	13680,00	6154,00	19834,00	2736,00	300
ALGECIRAS	7	F	PUR SANG	7	1	3	13674,00	6152,00	19826,00	1953,43	245
ADLAN SENORA	5	M	PUR SANG	2	1	1	13670,00	6151,00	19821,00	6835,00	325
DUTY	4	H	PUR SANG	2	1	1	13642,00	6138,00	19780,00	6821,00	375
ROYAL ENCLOSURE	4	H	PUR SANG	6	1	2	13622,00	0,00	13622,00	2270,33	265
LEGAL EAGLE	4	H	PUR SANG	5	1	2	13460,00	6056,00	19516,00	2692,00	280
CIAO PA'	6	M	PUR SANG	4	0	4	13458,00	6054,00	19512,00	3364,50	395
INTELLITA	5	F	PUR SANG	2	2	0	13450,00	6052,00	19502,00	6725,00	270
PURPLE MOOD	5	H	PUR SANG	4	1	2	13410,00	6034,00	19444,00	3352,50	315
ALTO BLUES	3	H	PUR SANG	2	1	1	13374,00	10030,00	23404,00	6687,00	
FAOLIO	3	H	PUR SANG	4	1	3	13355,00	10015,00	23370,00	3338,75	365
CRACKING GOOD TIME	3	F	PUR SANG	2	1	1	13248,00	0,00	13248,00	6624,00	
MOONEY VISION	3	H	PUR SANG	2	1	1	13248,00	0,00	13248,00	6624,00	360
AMORE MIA	4	F	PUR SANG	4	1	1	13238,00	5956,00	19194,00	3309,50	265
RAKHIM	4	H	PUR SANG	3	1	1	13210,00	5944,00	19154,00	4403,33	390
QUEEN MEKHTAAL	3	F	PUR SANG	3	1	2	13194,00	9895,00	23089,00	4398,00	350
SONNAZ	4	H	PUR SANG	4	1	2	13174,00	5928,00	19102,00	3293,50	305
INTUITION	5	F	PUR SANG	8	1	2	13151,00	5917,00	19068,00	1643,88	270
BASANTI	3	F	PUR SANG	3	1	1	13117,00	9837,00	22954,00	4372,33	390
ABIAT	5	F	PUR SANG	3	1	1	13113,00	5900,00	19013,00	4371,00	380
HARMONY	3	F	PUR SANG	4	4	0	13100,00	9825,00	22925,00	3275,00	655
ESPRONCEDA	3	M	PUR SANG	5	1	4	13077,00	0,00	13077,00	2615,40	305
AGRI	6	H	PUR SANG	6	1	3	13068,00	5878,00	18946,00	2178,00	250
RIASSOU	5	F	PUR SANG	3	1	2	13028,00	5862,00	18890,00	4342,67	400
TIMBALLINA	6	F	PUR SANG	6	1	4	13012,00	0,00	13012,00	2168,67	275
DO FOR LOVE	3	F	PUR SANG	2	1	1	12990,00	0,00	12990,00	6495,00	400
REVUELTO	3	M	PUR SANG	2	1	1	12988,00	9741,00	22729,00	6494,00	350
KEY TO VICTORY	4	F	PUR SANG	6	1	1	12972,00	5836,00	18808,00	2162,00	245
EGYPTIAN GLORY	3	F	PUR SANG	2	1	1	12967,00	9724,00	22691,00	6483,50	
DOCTEUR TOURNESOL	6	H	PUR SANG	4	1	3	12965,00	5833,00	18798,00	3241,25	235
ZILCOVER	7	H	PUR SANG	5	1	3	12962,00	5832,00	18794,00	2592,40	245
YELLOW HAWK	4	H	PUR SANG	4	1	3	12959,00	5829,00	18788,00	3239,75	310
PLOTINUS	7	H	PUR SANG	1	1	0	12950,00	5827,00	18777,00	12950,00	340
TROPHANE	5	F	PUR SANG	1	1	0	12950,00	5827,00	18777,00	12950,00	375
D'ORSAY	4	H	PUR SANG	4	1	0	12950,00	5827,00	18777,00	3237,50	200
VESINABA	10	H	PUR SANG	4	1	2	12945,00	5824,00	18769,00	3236,25	205
TESTIFY	3	H	PUR SANG	2	1	1	12932,00	9699,00	22631,00	6466,00	
PINK VALENTINE	7	F	PUR SANG	3	1	1	12928,00	5817,00	18745,00	4309,33	240
CAPITOL HILL	3	H	PUR SANG	6	1	3	12902,00	9676,00	22578,00	2150,33	290
VICTORIA SECRET	3	F	PUR SANG	7	1	4	12888,00	9665,00	22553,00	1841,14	280
MATAURI QUEEN	3	F	PUR SANG	4	1	2	12888,00	9666,00	22554,00	3222,00	370
CATHERINE LA MER	3	F	PUR SANG	3	1	2	12863,00	9647,00	22510,00	4287,67	335
CHIRIMIRI	8	H	PUR SANG	4	1	2	12824,00	0,00	12824,00	3206,00	345
FRANKISH	3	M	PUR SANG	2	1	1	12804,00	0,00	12804,00	6402,00	
PEARLED MAJESTY	3	M	PUR SANG	1	1	0	12800,00	0,00	12800,00	12800,00	440
SYNARAN	3	H	PUR SANG	1	1	0	12800,00	0,00	12800,00	12800,00	450
GILDED PRIZE	3	F	PUR SANG	1	1	0	12800,00	0,00	12800,00	12800,00	
DON FALCO	7	H	PUR SANG	6	1	3	12772,00	5746,00	18518,00	2128,67	245
EL CANEY	8	H	PUR SANG	7	1	3	12745,00	0,00	12745,00	1820,71	385
MUNGASHA	4	H	PUR SANG	5	1	1	12710,00	5719,00	18429,00	2542,00	315
ALEKSINE	4	M	PUR SANG	3	1	1	12688,00	5709,00	18397,00	4229,33	350
HAZA	4	H	PUR SANG	5	1	2	12670,00	5701,00	18371,00	2534,00	375
J'AURAIS DU	10	H	PUR SANG	7	1	3	12668,00	5699,00	18367,00	1809,71	250
LIKE LINDY	3	F	PUR SANG	4	0	3	12608,00	0,00	12608,00	3152,00	410
RENAD	3	F	PUR SANG	3	1	1	12600,00	0,00	12600,00	4200,00	340
CAMPELO	5	H	PUR SANG	3	1	2	12596,00	0,00	12596,00	4198,67	360
ZOUBAREVA	6	F	PUR SANG	5	1	3	12555,00	5648,00	18203,00	2511,00	190
COGOLIN	8	H	PUR SANG	4	1	3	12550,00	5646,00	18196,00	3137,50	280
LOVELY ANGEL	8	F	PUR SANG	2	1	1	12539,00	5642,00	18181,00	6269,50	290
MICKAEL D'OO	3	H	PUR SANG	2	1	1	12414,00	9310,00	21724,00	6207,00	
CRACK CITY	6	H	PUR SANG	5	1	2	12394,00	5576,00	17970,00	2478,80	235
SUNDARA	3	F	PUR SANG	2	1	1	12390,00	0,00	12390,00	6195,00	
SOLEIL SUISSE	3	F	PUR SANG	4	0	4	12362,00	9270,00	21632,00	3090,50	350
LESSLEPASSER	7	H	PUR SANG	1	1	0	12350,00	5557,00	17907,00	12350,00	460
EDIBEST FAL	4	H	PUR SANG	3	1	1	12350,00	5556,00	17906,00	4116,67	320
NITY GALESTE	3	M	PUR SANG	1	1	0	12350,00	9262,00	21612,00	12350,00	
TEMAPICA	3	F	PUR SANG	1	1	0	12350,00	9262,00	21612,00	12350,00	
CAUDRY	3	F	PUR SANG	1	1	0	12350,00	9262,00	21612,00	12350,00	
HOUVILLE	3	F	PUR SANG	1	1	0	12350,00	9262,00	21612,00	12350,00	
DANTE NONANTAIS	3	H	PUR SANG	1	1	0	12350,00	9262,00	21612,00	12350,00	
THE LAST DANCE	3	F	PUR SANG	1	1	0	12350,00	9262,00	21612,00	12350,00	
SHEERAN	3	F	PUR SANG	1	1	0	12350,00	9262,00	21612,00	12350,00	405
HARISSA	3	F	PUR SANG	1	1	0	12350,00	9262,00	21612,00	12350,00	
WIKI	3	M	PUR SANG	1	1	0	12350,00	9262,00	21612,00	12350,00	
ECIJA	3	F	PUR SANG	1	1	0	12350,00	9262,00	21612,00	12350,00	400
MR LOPE CEN	3	M	PUR SANG	1	1	0	12350,00	9262,00	21612,00	12350,00	
BOCCA AL LUPO	3	M	PUR SANG	1	1	0	12350,00	9262,00	21612,00	12350,00	
AERONEF	3	M	PUR SANG	1	1	0	12350,00	0,00	12350,00	12350,00	395
LORD CLOVER	3	M	PUR SANG	1	1	0	12350,00	0,00	12350,00	12350,00	
KHOZAN	3	H	PUR SANG	1	1	0	12350,00	0,00	12350,00	12350,00	
CALASITA	3	F	PUR SANG	1	1	0	12350,00	0,00	12350,00	12350,00	
RECOLLECT	3	H	PUR SANG	1	1	0	12350,00	0,00	12350,00	12350,00	
SCUTARI	3	M	PUR SANG	1	1	0	12350,00	0,00	12350,00	12350,00	370
GRANDE BAIGNEUSE	3	F	PUR SANG	1	1	0	12350,00	0,00	12350,00	12350,00	
HOW ARE YOU	3	M	PUR SANG	1	1	0	12350,00	0,00	12350,00	12350,00	
HOMERE	3	H	PUR SANG	1	1	0	12350,00	0,00	12350,00	12350,00	
SALITOS	3	M	PUR SANG	1	1	0	12350,00	0,00	12350,00	12350,00	
EL KRAKEN	4	H	PUR SANG	5	1	3	12335,00	5549,00	17884,00	2467,00	290
TOIMY SON	7	H	PUR SANG	3	1	2	12326,00	5546,00	17872,00	4108,67	400
NAY	3	F	PUR SANG	2	1	1	12309,00	9231,00	21540,00	6154,50	360
SAMAGACE DU VIVIEN	12	H	PUR SANG	3	1	1	12298,00	5533,00	17831,00	4099,33	215
BAIGNADE	5	F	PUR SANG	5	1	1	12298,00	0,00	12298,00	2459,60	295
INGEBORG	3	F	PUR SANG	4	0	4	12283,00	9211,00	21494,00	3070,75	360
CHESS	5	M	PUR SANG	2	1	1	12282,00	5526,00	17808,00	6141,00	400
COCO VANILLE	3	F	PUR SANG	3	1	2	12207,00	9155,00	21362,00	4069,00	370
BELLA D'ANJOU	4	F	PUR SANG	3	1	2	12202,00	5490,00	17692,00	4067,33	355
RIDWAAN	9	H	PUR SANG	8	0	5	12174,00	5475,00	17649,00	1521,75	280
MONSIEURVALCHOP	7	H	PUR SANG	5	1	2	12149,00	5466,00	17615,00	2429,80	265
INTERSTELLA	8	F	PUR SANG	5	1	3	12110,00	0,00	12110,00	2422,00	320
BRIONA	5	F	PUR SANG	2	1	1	12086,00	5438,00	17524,00	6043,00	305
ALINKA	3	F	PUR SANG	6	1	3	12080,00	9060,00	21140,00	2013,33	315
RED SCOTCH	3	H	PUR SANG	4	0	4	12080,00	9059,00	21139,00	3020,00	320
AQUA AURA	3	F	PUR SANG	5	1	2	12073,00	9053,00	21126,00	2414,60	280
AL ALMARCHAL	5	M	PUR SANG	3	0	2	12048,00	0,00	12048,00	4016,00	340
PLANCKEINSTEIN	4	H	PUR SANG	3	1	2	12034,00	5414,00	17448,00	4011,33	360
HOWITZER	3	M	PUR SANG	2	1	0	12000,00	9000,00	21000,00	6000,00	360
SHOWNA	3	F	PUR SANG	2	1	0	12000,00	9000,00	21000,00	6000,00	415
GOUTTES DE DIEU	3	H	PUR SANG	1	1	0	12000,00	9000,00	21000,00	12000,00	365
MIA GRANDE	5	H	PUR SANG	3	1	2	11970,00	0,00	11970,00	3990,00	250
SEU JO	3	M	PUR SANG	3	1	2	11940,00	0,00	11940,00	3980,00	375
ILE AUX ROSES	3	F	PUR SANG	4	1	3	11914,00	8935,00	20849,00	2978,50	295
ALREYYAH	4	F	PUR SANG	1	1	0	11900,00	0,00	11900,00	11900,00	420
VINGT SEPT	4	H	PUR SANG	3	1	2	11899,00	5353,00	17252,00	3966,33	285
ASPRILA	3	F	PUR SANG	4	0	4	11887,00	0,00	11887,00	2971,75	310
WATCH HIM	8	M	PUR SANG	3	0	3	11821,00	5317,00	17138,00	3940,33	405
CICCIO BOY	8	M	PUR SANG	5	1	2	11818,00	5316,00	17134,00	2363,60	385
MERVEILLE	3	F	PUR SANG	3	1	2	11818,00	8862,00	20680,00	3939,33	310
DALYAMIX	4	F	PUR SANG	4	0	4	11780,00	5299,00	17079,00	2945,00	280
AUSTRALASIA	3	F	PUR SANG	2	1	1	11760,00	8820,00	20580,00	5880,00	365
PERCEVAL	3	M	PUR SANG	4	0	4	11712,00	8784,00	20496,00	2928,00	300
KRASKHOV	4	H	PUR SANG	2	0	2	11707,00	5267,00	16974,00	5853,50	390
STARAC	4	H	PUR SANG	3	1	2	11692,00	5260,00	16952,00	3897,33	350
LOUIS SKI	7	H	PUR SANG	3	1	1	11648,00	5241,00	16889,00	3882,67	305
BALTA	3	H	PUR SANG	4	1	3	11623,00	8716,00	20339,00	2905,75	300
HAUSSEZ	7	H	PUR SANG	4	1	1	11602,00	5220,00	16822,00	2900,50	355
HOLLIE WOOD	3	F	PUR SANG	3	1	1	11602,00	8701,00	20303,00	3867,33	340
WEEKEN	3	H	PUR SANG	2	1	1	11596,00	8697,00	20293,00	5798,00	
STARLIGHT	5	F	PUR SANG	2	1	1	11585,00	5213,00	16798,00	5792,50	220
BOOGIE	8	H	PUR SANG	3	1	2	11581,00	5210,00	16791,00	3860,33	395
KENZAL	8	H	PUR SANG	5	1	2	11573,00	5207,00	16780,00	2314,60	315
VIZINDI	6	H	PUR SANG	4	1	2	11565,00	5204,00	16769,00	2891,25	260
MEXICAN DREAM	8	F	PUR SANG	5	1	2	11543,00	5193,00	16736,00	2308,60	295
IRBIS	7	H	PUR SANG	4	1	2	11509,00	5178,00	16687,00	2877,25	285
RAFAGA	2	F	PUR SANG	1	1	0	11500,00	8625,00	20125,00	11500,00	
LISEO	7	H	PUR SANG	3	1	2	11494,00	0,00	11494,00	3831,33	310
SHARK SAMURAI	7	H	PUR SANG	4	1	3	11489,00	5169,00	16658,00	2872,25	345
PERSIANROMY	3	F	PUR SANG	4	0	4	11484,00	8613,00	20097,00	2871,00	315
TIBERIANA	4	F	PUR SANG	4	1	3	11434,00	5144,00	16578,00	2858,50	260
NO LIMIT DREAM	6	H	PUR SANG	3	0	3	11423,00	5138,00	16561,00	3807,67	385
HEPBURN	3	F	PUR SANG	2	1	1	11420,00	8565,00	19985,00	5710,00	350
WALLY	9	H	PUR SANG	3	1	1	11386,00	5122,00	16508,00	3795,33	420
PARISIAN BELLE	8	F	PUR SANG	2	1	1	11338,00	5101,00	16439,00	5669,00	185
PELIGROSO	3	H	PUR SANG	2	1	1	11328,00	8496,00	19824,00	5664,00	
REVEUR	3	H	PUR SANG	3	1	1	11328,00	8496,00	19824,00	3776,00	350
AFFECTION	3	F	PUR SANG	3	1	2	11323,00	8491,00	19814,00	3774,33	375
QUEEN SINGER	5	F	PUR SANG	4	1	2	11320,00	5093,00	16413,00	2830,00	300
GOLDEN STATE	5	H	PUR SANG	5	1	3	11309,00	5088,00	16397,00	2261,80	265
HYPERCORE	5	H	PUR SANG	2	0	2	11306,00	0,00	11306,00	5653,00	475
BREIZHY BOY	4	H	PUR SANG	2	1	1	11302,00	5085,00	16387,00	5651,00	400
HARRISON POINT	9	H	PUR SANG	4	1	2	11296,00	5082,00	16378,00	2824,00	295
KELLY KEY	6	F	PUR SANG	5	1	3	11287,00	5077,00	16364,00	2257,40	300
IN THE ARMY NOW	6	F	PUR SANG	4	1	3	11248,00	5061,00	16309,00	2812,00	190
HARMATTAN	6	H	PUR SANG	6	1	4	11207,00	5042,00	16249,00	1867,83	245
AMERICAN GLORY	5	F	PUR SANG	4	1	1	11196,00	5038,00	16234,00	2799,00	380
CASSIUS	6	M	PUR SANG	3	1	2	11177,00	5028,00	16205,00	3725,67	440
HEAVEN CITY	9	H	PUR SANG	3	1	0	11050,00	4972,00	16022,00	3683,33	355
JAGUARE PRECIEUSE	7	F	PUR SANG	5	1	0	11050,00	4972,00	16022,00	2210,00	290
WILD N'BEAUTIFUL	5	H	PUR SANG	2	1	0	11050,00	4972,00	16022,00	5525,00	235
EMINENCE GRISE	4	H	PUR SANG	2	1	0	11050,00	4972,00	16022,00	5525,00	315
FAVOLO	4	H	PUR SANG	2	1	0	11050,00	4972,00	16022,00	5525,00	325
VOLCANO	4	H	PUR SANG	2	1	0	11050,00	4972,00	16022,00	5525,00	360
CHARLY	3	H	PUR SANG	1	1	0	11050,00	8287,00	19337,00	11050,00	360
WHEELER	4	M	PUR SANG	2	1	0	11050,00	4972,00	16022,00	5525,00	345
EL JEQUE	3	M	PUR SANG	2	1	0	11050,00	0,00	11050,00	5525,00	
UN INSTANT	5	M	PUR SANG	2	0	1	10980,00	4941,00	15921,00	5490,00	460
FIRST LOOK	5	H	PUR SANG	1	0	1	10980,00	4941,00	15921,00	10980,00	530
KINGORI	7	H	PUR SANG	4	1	2	10966,00	0,00	10966,00	2741,50	275
VENTS CONTRAIRES	8	H	PUR SANG	6	0	5	10946,00	4924,00	15870,00	1824,33	330
KOHAKOU	3	H	PUR SANG	3	0	3	10944,00	8208,00	19152,00	3648,00	335
NEOWISE	6	F	PUR SANG	4	1	2	10922,00	0,00	10922,00	2730,50	220
LIGHTED GLORY	7	F	PUR SANG	8	0	5	10890,00	4899,00	15789,00	1361,25	165
FERRARI FEVER	5	H	PUR SANG	4	0	3	10873,00	4890,00	15763,00	2718,25	430
FELIX FELICIS	6	H	PUR SANG	4	1	2	10863,00	4887,00	15750,00	2715,75	260
ESSAI TRANSFORME	8	H	PUR SANG	6	1	1	10862,00	4887,00	15749,00	1810,33	265
KIZMAMBO	6	H	PUR SANG	5	0	5	10828,00	0,00	10828,00	2165,60	350
TANIS	5	F	PUR SANG	4	1	2	10806,00	4862,00	15668,00	2701,50	305
STANTO	11	H	PUR SANG	4	1	2	10746,00	4835,00	15581,00	2686,50	230
KIARO	5	M	PUR SANG	3	1	1	10738,00	4832,00	15570,00	3579,33	385
MOONLABEL	3	F	PUR SANG	2	1	1	10735,00	8050,00	18785,00	5367,50	400
SECRET FEELING	7	F	PUR SANG	5	1	3	10728,00	4827,00	15555,00	2145,60	225
BLANC BLEU	8	H	PUR SANG	4	1	1	10725,00	4826,00	15551,00	2681,25	320
REDRUNNER	6	F	PUR SANG	4	1	2	10686,00	4808,00	15494,00	2671,50	215
IVRA CHOPE	3	F	PUR SANG	2	1	1	10658,00	7993,00	18651,00	5329,00	265
BABY HARTWOOD	4	M	PUR SANG	5	0	4	10649,00	4791,00	15440,00	2129,80	345
ULTRAFRAGOLA	4	F	PUR SANG	2	1	1	10630,00	0,00	10630,00	5315,00	430
BONNY GLITTERS	7	F	PUR SANG	2	1	1	10626,00	4781,00	15407,00	5313,00	365
DRACO	5	H	PUR SANG	4	1	3	10622,00	4779,00	15401,00	2655,50	260
CROWDFUNDING	8	H	PUR SANG	7	0	6	10614,00	4774,00	15388,00	1516,29	330
WOFF	8	H	PUR SANG	5	0	5	10607,00	4771,00	15378,00	2121,40	305
ABELARD F	8	M	PUR SANG	3	1	2	10556,00	0,00	10556,00	3518,67	390
MYSTIC	7	H	PUR SANG	1	1	0	10550,00	4747,00	15297,00	10550,00	295
EFFIRA	5	F	PUR SANG	1	1	0	10550,00	4747,00	15297,00	10550,00	330
AGATHA SENORA	5	F	PUR SANG	3	1	0	10550,00	4747,00	15297,00	3516,67	285
ALAVESA	4	F	PUR SANG	2	1	1	10512,00	0,00	10512,00	5256,00	330
FAST RAAJ	8	H	PUR SANG	3	0	3	10502,00	4725,00	15227,00	3500,67	445
MARCUS AURELIUS	6	H	PUR SANG	1	1	0	10500,00	4725,00	15225,00	10500,00	415
PACTIMACE	3	M	PUR SANG	1	1	0	10500,00	7875,00	18375,00	10500,00	370
HARMONIZE	3	F	PUR SANG	1	1	0	10500,00	7875,00	18375,00	10500,00	
OBLINSKHA	2	F	PUR SANG	1	1	0	10500,00	7875,00	18375,00	10500,00	
WITCHWAY	2	M	PUR SANG	1	1	0	10500,00	7875,00	18375,00	10500,00	
SARDINIAN RULER	3	M	PUR SANG	1	1	0	10500,00	7875,00	18375,00	10500,00	
PERSUASIF	3	H	PUR SANG	2	1	0	10500,00	7875,00	18375,00	5250,00	
VADIRUM	7	H	PUR SANG	2	1	1	10486,00	4718,00	15204,00	5243,00	395
CEDRUS	5	H	PUR SANG	4	1	1	10481,00	4715,00	15196,00	2620,25	325
SQUARE D'ANVERS	3	M	PUR SANG	2	1	1	10470,00	7852,00	18322,00	5235,00	370
VIOLIN	4	F	PUR SANG	4	1	2	10460,00	4705,00	15165,00	2615,00	295
NIGHT MARY	3	F	PUR SANG	2	1	1	10440,00	7830,00	18270,00	5220,00	320
TI AMO BELLO	3	M	PUR SANG	3	1	2	10440,00	7829,00	18269,00	3480,00	370
SELENITE	3	F	PUR SANG	2	1	1	10440,00	7830,00	18270,00	5220,00	360
HAVIASSOR	8	H	PUR SANG	2	0	2	10435,00	4694,00	15129,00	5217,50	345
CALIFANO	7	H	PUR SANG	5	1	3	10407,00	4682,00	15089,00	2081,40	260
VICTOR VITAE	3	M	PUR SANG	4	1	1	10407,00	7804,00	18211,00	2601,75	405
NEW RUN	3	M	PUR SANG	2	1	1	10404,00	7803,00	18207,00	5202,00	
XTRAMOUR	3	M	PUR SANG	2	1	1	10404,00	7803,00	18207,00	5202,00	350
WILLY WINNER	6	H	PUR SANG	2	1	1	10388,00	4674,00	15062,00	5194,00	380
SAMBA	6	F	PUR SANG	6	1	3	10383,00	4671,00	15054,00	1730,50	225
VERY PRETTY	3	F	PUR SANG	3	0	3	10375,00	7779,00	18154,00	3458,33	370
MAC TYSON	3	H	PUR SANG	6	0	6	10374,00	7778,00	18152,00	1729,00	300
HUCHENANE	5	H	PUR SANG	2	1	1	10368,00	4665,00	15033,00	5184,00	360
MUHAARIA	3	F	PUR SANG	4	0	3	10360,00	7770,00	18130,00	2590,00	360
RIGOLETTOS	4	M	PUR SANG	3	1	2	10336,00	4651,00	14987,00	3445,33	350
ROI DE L'AIR	6	M	PUR SANG	2	1	1	10320,00	0,00	10320,00	5160,00	355
AMOR A MANI	5	F	PUR SANG	5	0	4	10318,00	4643,00	14961,00	2063,60	245
DARINICE	3	F	PUR SANG	2	1	1	10310,00	7732,00	18042,00	5155,00	345
CHILLS	4	F	PUR SANG	2	1	1	10298,00	0,00	10298,00	5149,00	260
THE BLACK VELVET	3	F	PUR SANG	6	0	5	10296,00	7721,00	18017,00	1716,00	290
HAYA LAND	4	M	PUR SANG	3	1	2	10292,00	4630,00	14922,00	3430,67	305
DRIP	7	M	PUR SANG	3	1	2	10269,00	4620,00	14889,00	3423,00	290
KATHALINA	7	F	PUR SANG	5	1	1	10252,00	4613,00	14865,00	2050,40	250
OLIVA	7	F	PUR SANG	4	1	1	10246,00	4610,00	14856,00	2561,50	225
WATT OHM	6	H	PUR SANG	4	0	3	10202,00	4589,00	14791,00	2550,50	255
LE FUTUR	3	M	PUR SANG	2	1	1	10200,00	7650,00	17850,00	5100,00	390
LADY SOFIA	3	F	PUR SANG	3	0	3	10196,00	7645,00	17841,00	3398,67	300
SPANISH LIGHT	6	H	PUR SANG	4	0	3	10166,00	4573,00	14739,00	2541,50	360
FIRST ONE	5	H	PUR SANG	3	1	1	10132,00	4559,00	14691,00	3377,33	245
THE CAT'S	5	H	PUR SANG	4	1	1	10127,00	4557,00	14684,00	2531,75	245
SPIRIT OF DANCE	10	H	PUR SANG	7	1	3	10121,00	4553,00	14674,00	1445,86	235
GREYMARA	4	H	PUR SANG	3	1	0	10100,00	4545,00	14645,00	3366,67	260
PROFUMO DI IENA	4	F	PUR SANG	2	0	2	10084,00	4536,00	14620,00	5042,00	400
KITSUNE	3	F	PUR SANG	4	1	1	10080,00	7560,00	17640,00	2520,00	335
NEW PEARL	3	F	PUR SANG	6	0	3	10070,00	7552,00	17622,00	1678,33	300
NOVA KEN	5	F	PUR SANG	3	1	2	10062,00	4526,00	14588,00	3354,00	335
HABIBI	3	F	PUR SANG	1	0	1	10060,00	7545,00	17605,00	10060,00	410
ZAMBEZI	3	M	PUR SANG	1	0	1	10060,00	7545,00	17605,00	10060,00	470
STREET SHOW	3	M	PUR SANG	1	0	1	10060,00	7545,00	17605,00	10060,00	480
MIRIK	3	M	PUR SANG	1	0	1	10060,00	7545,00	17605,00	10060,00	445
CERAMIC	3	F	PUR SANG	1	0	1	10060,00	7545,00	17605,00	10060,00	475
SEGALL	3	M	PUR SANG	1	0	1	10060,00	7545,00	17605,00	10060,00	435
ENEA	4	H	PUR SANG	1	1	0	10050,00	4522,00	14572,00	10050,00	440
MADAME LY	3	F	PUR SANG	2	1	0	10050,00	7537,00	17587,00	5025,00	440
MADRIDISTA	3	M	PUR SANG	1	1	0	10050,00	7537,00	17587,00	10050,00	410
THE BEST GLORY	3	F	PUR SANG	1	1	0	10050,00	7537,00	17587,00	10050,00	390
LAPOTHEOSE	3	F	PUR SANG	1	1	0	10050,00	7537,00	17587,00	10050,00	
PORT SANTA PONSA	5	H	PUR SANG	3	1	1	10028,00	4512,00	14540,00	3342,67	235
CROCUS BORGET	8	H	PUR SANG	3	1	2	10027,00	4512,00	14539,00	3342,33	260
MISTER SOCKS	3	H	PUR SANG	2	1	1	9984,00	7488,00	17472,00	4992,00	340
HERMES WOOD	4	H	PUR SANG	5	0	5	9903,00	4455,00	14358,00	1980,60	340
FIRE DRAGON	3	F	PUR SANG	2	1	1	9901,00	7425,00	17326,00	4950,50	340
LOOK	3	F	PUR SANG	4	0	3	9870,00	7402,00	17272,00	2467,50	325
ORION CLASS	4	F	PUR SANG	3	1	2	9848,00	4431,00	14279,00	3282,67	315
VOILA POURQUOI	9	H	PUR SANG	4	1	2	9824,00	4419,00	14243,00	2456,00	250
MANLY	5	H	PUR SANG	3	1	2	9810,00	4413,00	14223,00	3270,00	295
BY FAR	5	H	PUR SANG	3	1	1	9798,00	4408,00	14206,00	3266,00	265
WHAT ELSE CHOP	6	H	PUR SANG	7	0	3	9796,00	4407,00	14203,00	1399,43	295
SKYLIGHT BROCHARD	5	H	PUR SANG	2	0	2	9744,00	0,00	9744,00	4872,00	420
HIGHARA	4	F	PUR SANG	2	1	1	9735,00	4380,00	14115,00	4867,50	345
TINMANDER	3	H	PUR SANG	4	0	3	9720,00	7289,00	17009,00	2430,00	330
AQUILA VOLANTE	5	M	PUR SANG	3	0	2	9718,00	4372,00	14090,00	3239,33	355
KAHUNA	9	H	PUR SANG	3	0	1	9672,00	4351,00	14023,00	3224,00	410
I'M A BELIEVER	6	H	PUR SANG	4	0	1	9672,00	4351,00	14023,00	2418,00	350
SOUS LA NEIGE	6	H	PUR SANG	2	0	1	9672,00	4351,00	14023,00	4836,00	385
QUIET KING	4	H	PUR SANG	1	0	1	9672,00	4351,00	14023,00	9672,00	425
BRAVEHEART	10	H	PUR SANG	7	0	5	9662,00	0,00	9662,00	1380,29	255
MOPSO	5	M	PUR SANG	3	1	1	9631,00	0,00	9631,00	3210,33	330
DIRE LA VERITE	6	H	PUR SANG	5	0	5	9630,00	4331,00	13961,00	1926,00	290
MR RIEM	8	H	PUR SANG	4	1	2	9608,00	4323,00	13931,00	2402,00	260
L'HIPPOCAMPE	7	H	PUR SANG	1	1	0	9600,00	4320,00	13920,00	9600,00	290
REVE DE VALLARSA	6	M	PUR SANG	2	1	0	9600,00	4320,00	13920,00	4800,00	375
INKIOSTRO	6	F	PUR SANG	1	1	0	9600,00	4320,00	13920,00	9600,00	250
AMORCITA	5	F	PUR SANG	3	1	0	9600,00	4320,00	13920,00	3200,00	310
ANIELSKA	5	F	PUR SANG	4	1	0	9600,00	4320,00	13920,00	2400,00	260
MICOCOULIER	3	H	PUR SANG	1	1	0	9600,00	7200,00	16800,00	9600,00	
FEL	3	M	PUR SANG	1	1	0	9600,00	7200,00	16800,00	9600,00	
NIOUININON	3	H	PUR SANG	4	1	0	9600,00	7200,00	16800,00	2400,00	270
VARZUGA	3	F	PUR SANG	3	1	0	9600,00	7200,00	16800,00	3200,00	290
FASHION CITY	3	F	PUR SANG	1	1	0	9600,00	7200,00	16800,00	9600,00	380
PERSIS	3	F	PUR SANG	1	1	0	9600,00	7200,00	16800,00	9600,00	345
TULSA KING	3	M	PUR SANG	1	1	0	9600,00	7200,00	16800,00	9600,00	380
MENACANT	3	M	PUR SANG	2	1	0	9600,00	7200,00	16800,00	4800,00	360
FEELGOOD	3	F	PUR SANG	1	1	0	9600,00	7200,00	16800,00	9600,00	370
PLUTARQUE	3	M	PUR SANG	1	1	0	9600,00	7200,00	16800,00	9600,00	365
ZARWALYAH	3	F	PUR SANG	2	1	0	9600,00	7200,00	16800,00	4800,00	340
JABRACADABRA	3	H	PUR SANG	1	1	0	9600,00	7200,00	16800,00	9600,00	390
MELTING MOON	3	M	PUR SANG	1	1	0	9600,00	7200,00	16800,00	9600,00	350
GLOW UP	3	F	PUR SANG	1	1	0	9600,00	7200,00	16800,00	9600,00	
ANDEOL	3	M	PUR SANG	1	1	0	9600,00	7200,00	16800,00	9600,00	
LA CARRIERE	3	F	PUR SANG	2	1	0	9600,00	0,00	9600,00	4800,00	395
LOTUS	3	F	PUR SANG	1	1	0	9600,00	0,00	9600,00	9600,00	
WINTERSONNE	3	F	PUR SANG	1	1	0	9600,00	0,00	9600,00	9600,00	
EASY AS PIE	3	F	PUR SANG	1	1	0	9600,00	0,00	9600,00	9600,00	
MAJESTAD	3	M	PUR SANG	1	1	0	9600,00	0,00	9600,00	9600,00	
CHICA SUERTE	3	F	PUR SANG	2	1	1	9564,00	7172,00	16736,00	4782,00	320
FRENCH COLORADO	3	M	PUR SANG	4	0	4	9557,00	7166,00	16723,00	2389,25	400
ODEMAR	6	H	PUR SANG	3	1	1	9555,00	4299,00	13854,00	3185,00	325
ON Y VA	9	M	PUR SANG	2	1	1	9536,00	0,00	9536,00	4768,00	220
STUDY OF CASE	3	M	PUR SANG	3	0	3	9528,00	7146,00	16674,00	3176,00	365
ZANGAR	4	H	PUR SANG	3	1	1	9522,00	4284,00	13806,00	3174,00	360
WIT	4	M	PUR SANG	2	1	1	9522,00	0,00	9522,00	4761,00	395
CHESTNUT ROCKET	4	M	PUR SANG	1	0	1	9520,00	4284,00	13804,00	9520,00	470
INSTANT FRAGILE	4	M	PUR SANG	1	0	1	9520,00	4284,00	13804,00	9520,00	470
KODVEDEV	3	H	PUR SANG	3	1	2	9508,00	7131,00	16639,00	3169,33	320
VARESI	3	H	PUR SANG	3	0	3	9504,00	0,00	9504,00	3168,00	320
BLANCHE EPINE	4	F	PUR SANG	2	1	1	9494,00	4272,00	13766,00	4747,00	300
QUEENFLEUR	5	F	PUR SANG	4	1	2	9488,00	4269,00	13757,00	2372,00	270
DRAGON LOVE	10	H	PUR SANG	6	0	6	9472,00	4260,00	13732,00	1578,67	240
LUNATICOS	8	H	PUR SANG	5	1	2	9464,00	4257,00	13721,00	1892,80	265
RECOLETTY	6	F	PUR SANG	3	1	1	9464,00	4258,00	13722,00	3154,67	295
PESTACLE	5	H	PUR SANG	4	1	2	9442,00	4248,00	13690,00	2360,50	345
ASHIPCALLEDDIGNITY	3	F	PUR SANG	2	1	1	9431,00	0,00	9431,00	4715,50	290
DARIYANGEL	7	H	PUR SANG	7	1	3	9414,00	4235,00	13649,00	1344,86	240
FAMOSO	6	H	PUR SANG	5	0	4	9409,00	4231,00	13640,00	1881,80	300
VIBRATO	5	H	PUR SANG	4	0	3	9408,00	4230,00	13638,00	2352,00	285
OLAF THE BIG ONE	7	H	PUR SANG	6	1	1	9398,00	4228,00	13626,00	1566,33	220
CANENA	3	F	PUR SANG	3	1	1	9388,00	7041,00	16429,00	3129,33	355
VILLA MONCEAU	3	F	PUR SANG	2	0	2	9388,00	0,00	9388,00	4694,00	380
ORION ROCK	6	H	PUR SANG	3	0	3	9379,00	4219,00	13598,00	3126,33	340
SANKA CHOP	6	H	PUR SANG	4	1	2	9368,00	4215,00	13583,00	2342,00	245
SEONA	4	F	PUR SANG	3	0	3	9348,00	4205,00	13553,00	3116,00	380
MR FLEURANT	5	H	PUR SANG	3	1	2	9337,00	4201,00	13538,00	3112,33	380
MILORD DU LEMO	7	H	PUR SANG	5	0	5	9286,00	4176,00	13462,00	1857,20	215
ARKEN	3	F	PUR SANG	4	0	4	9283,00	6962,00	16245,00	2320,75	295
ELUFAN	4	H	PUR SANG	4	1	1	9228,00	4152,00	13380,00	2307,00	280
KUMRAN	6	H	PUR SANG	5	1	2	9202,00	4140,00	13342,00	1840,40	255
PINK ROCHE	3	F	PUR SANG	3	0	3	9186,00	6889,00	16075,00	3062,00	365
ANIMA SANA	4	F	PUR SANG	4	1	2	9182,00	4131,00	13313,00	2295,50	300
MANNE	9	F	PUR SANG	5	0	4	9178,00	4127,00	13305,00	1835,60	250
BONNY WAY	5	F	PUR SANG	4	0	4	9172,00	4127,00	13299,00	2293,00	265
LITTLE LADY	4	F	PUR SANG	5	1	2	9166,00	4124,00	13290,00	1833,20	295
MEARAS STYLE	8	F	PUR SANG	7	1	4	9139,00	4111,00	13250,00	1305,57	195
ECLAIR DE VATI	8	H	PUR SANG	3	1	2	9126,00	4105,00	13231,00	3042,00	170
EL TORERO	7	H	PUR SANG	4	0	4	9123,00	4102,00	13225,00	2280,75	295
JOHNNY DRIVE	3	H	PUR SANG	4	1	3	9107,00	6829,00	15936,00	2276,75	290
PRADARO	11	H	PUR SANG	3	1	0	9100,00	4095,00	13195,00	3033,33	350
CAVANI KAIZEN	8	H	PUR SANG	2	1	0	9100,00	4095,00	13195,00	4550,00	280
QUICK AND WILD	4	H	PUR SANG	1	1	0	9100,00	0,00	9100,00	9100,00	
MONDO BOY	4	H	PUR SANG	2	1	0	9100,00	0,00	9100,00	4550,00	335
CIACCINO	4	H	PUR SANG	8	0	6	9074,00	4081,00	13155,00	1134,25	220
LOCHNESS	3	H	PUR SANG	5	0	5	9058,00	6791,00	15849,00	1811,60	345
OASIS BAY	6	H	PUR SANG	4	0	3	9054,00	4072,00	13126,00	2263,50	255
REACH THE SKY	4	M	PUR SANG	3	0	3	9054,00	4073,00	13127,00	3018,00	450
MONARCH HUNZA	4	H	PUR SANG	3	0	3	9052,00	4072,00	13124,00	3017,33	315
WALWOOD	3	M	PUR SANG	3	0	3	9027,00	6768,00	15795,00	3009,00	400
WAZIERS	6	F	PUR SANG	4	0	3	9024,00	4059,00	13083,00	2256,00	355
FAITH IN YOU	3	F	PUR SANG	3	0	3	9024,00	0,00	9024,00	3008,00	345
BOJANGLES	5	H	PUR SANG	3	1	2	9016,00	4057,00	13073,00	3005,33	215
NICE RULER	5	H	PUR SANG	4	1	1	9014,00	4056,00	13070,00	2253,50	275
ALEKSANDROVKA	3	F	PUR SANG	4	1	3	9005,00	6752,00	15757,00	2251,25	300
PLATA D OCTOBRE	4	F	PUR SANG	4	0	4	9000,00	4049,00	13049,00	2250,00	290
MONA TREZY	6	F	PUR SANG	3	1	1	8986,00	4043,00	13029,00	2995,33	295
CANDYMAN	5	H	PUR SANG	2	1	1	8981,00	4040,00	13021,00	4490,50	315
SOIF DE VIVRE	4	H	PUR SANG	2	1	1	8966,00	4034,00	13000,00	4483,00	260
MY DARLING	7	F	PUR SANG	5	0	5	8951,00	4026,00	12977,00	1790,20	210
MALICIA	4	F	PUR SANG	4	1	2	8941,00	4023,00	12964,00	2235,25	280
FORZA SEDACA	9	H	PUR SANG	2	1	1	8918,00	4012,00	12930,00	4459,00	315
KRUNGTHEPMAHANAKON	5	H	PUR SANG	3	1	1	8878,00	3994,00	12872,00	2959,33	275
BORN TO DARE	4	F	PUR SANG	6	0	5	8864,00	3985,00	12849,00	1477,33	265
VICKY	4	F	PUR SANG	3	0	3	8863,00	3987,00	12850,00	2954,33	285
PRINCESS ZALTANA	3	F	PUR SANG	6	0	5	8851,00	6636,00	15487,00	1475,17	330
RIYAK	8	H	PUR SANG	7	0	6	8849,00	3980,00	12829,00	1264,14	305
NEVER COME BACK	10	H	PUR SANG	2	1	1	8848,00	3980,00	12828,00	4424,00	265
WAIT TO WIN	3	H	PUR SANG	4	0	3	8820,00	0,00	8820,00	2205,00	340
ESKANDANI	5	H	PUR SANG	5	1	2	8784,00	3952,00	12736,00	1756,80	235
POTEMKINE	5	H	PUR SANG	2	1	1	8772,00	3946,00	12718,00	4386,00	450
VANVITELLI	3	M	PUR SANG	3	0	3	8769,00	6574,00	15343,00	2923,00	380
TEVERE	3	F	PUR SANG	3	0	3	8769,00	6574,00	15343,00	2923,00	370
JARKI	4	H	PUR SANG	4	0	4	8746,00	3934,00	12680,00	2186,50	275
TREASURE KEEPER	8	M	PUR SANG	3	1	0	8700,00	3915,00	12615,00	2900,00	350
PERFECTO	10	H	PUR SANG	5	1	3	8677,00	3903,00	12580,00	1735,40	200
LA CRACK PRECIEUSE	5	F	PUR SANG	4	1	2	8676,00	3903,00	12579,00	2169,00	170
EPI	3	M	PUR SANG	3	0	3	8664,00	0,00	8664,00	2888,00	340
GARRIS	4	H	PUR SANG	3	1	1	8662,00	3897,00	12559,00	2887,33	295
SAUCEPOT	4	F	PUR SANG	2	1	1	8662,00	3897,00	12559,00	4331,00	400
RIVER DAVEN	7	F	PUR SANG	6	0	6	8662,00	3896,00	12558,00	1443,67	150
GRASWANG	3	M	PUR SANG	3	0	3	8658,00	6493,00	15151,00	2886,00	355
KING HARTWOOD	10	H	PUR SANG	5	1	0	8650,00	3892,00	12542,00	1730,00	195
TREVOR SENORA	6	H	PUR SANG	1	1	0	8650,00	3892,00	12542,00	8650,00	240
BORN TO WIN	5	M	PUR SANG	4	1	0	8650,00	3892,00	12542,00	2162,50	250
ANTHORUS	7	H	PUR SANG	5	0	4	8647,00	3889,00	12536,00	1729,40	400
IPSO FACTO	4	H	PUR SANG	3	1	1	8581,00	3860,00	12441,00	2860,33	320
GRIS DE PERLES	6	H	PUR SANG	3	1	2	8562,00	3852,00	12414,00	2854,00	265
BALAGAN	7	F	PUR SANG	3	1	1	8557,00	3850,00	12407,00	2852,33	255
AME DIVINE	4	F	PUR SANG	2	1	1	8557,00	3850,00	12407,00	4278,50	280
MASINDHAL	4	H	PUR SANG	5	1	2	8545,00	3843,00	12388,00	1709,00	295
LA PETITE PIERRE	3	F	PUR SANG	3	0	3	8542,00	6405,00	14947,00	2847,33	330
NOCE D'OR	7	H	PUR SANG	4	0	3	8540,00	3841,00	12381,00	2135,00	295
MERCURIUS	5	H	PUR SANG	4	2	2	8520,00	3834,00	12354,00	2130,00	660
MAJESTIC HILL	4	F	PUR SANG	4	1	1	8496,00	3823,00	12319,00	2124,00	225
ISCREAMFORICECREAM	5	F	PUR SANG	5	1	2	8488,00	3818,00	12306,00	1697,60	300
WINDFLOWER	4	F	PUR SANG	3	0	3	8485,00	3817,00	12302,00	2828,33	425
VEGA MEMORIES	3	F	PUR SANG	3	1	2	8468,00	6349,00	14817,00	2822,67	350
SPARKS OF LOVE	3	F	PUR SANG	4	1	3	8465,00	6348,00	14813,00	2116,25	310
BON DERNIER	4	M	PUR SANG	4	0	4	8463,00	3806,00	12269,00	2115,75	320
CRYSTAL BAY	3	H	PUR SANG	2	1	1	8458,00	6343,00	14801,00	4229,00	
TOMOE GOZEN	3	F	PUR SANG	8	0	6	8452,00	6337,00	14789,00	1056,50	260
ZADE	3	M	PUR SANG	2	0	2	8448,00	0,00	8448,00	4224,00	405
GRECIAN STAR	6	M	PUR SANG	4	1	1	8438,00	3796,00	12234,00	2109,50	335
KEANU	4	M	PUR SANG	5	0	5	8404,00	3780,00	12184,00	1680,80	325
FEVE	4	F	PUR SANG	2	0	2	8398,00	3778,00	12176,00	4199,00	390
CELANOKEN	4	H	PUR SANG	4	0	3	8362,00	3761,00	12123,00	2090,50	270
PERFECTDAY	3	F	PUR SANG	2	0	2	8342,00	6255,00	14597,00	4171,00	380
SHELZAWA	3	F	PUR SANG	2	0	2	8342,00	6255,00	14597,00	4171,00	
MARKOS	3	M	PUR SANG	4	1	2	8336,00	6251,00	14587,00	2084,00	280
RENVERSANTE	3	F	PUR SANG	4	0	4	8300,00	6224,00	14524,00	2075,00	330
GARIGLIANO	9	H	PUR SANG	6	0	4	8282,00	3724,00	12006,00	1380,33	230
GOT MAN	4	H	PUR SANG	4	0	4	8279,00	3723,00	12002,00	2069,75	325
HARRY BASSETT	5	H	PUR SANG	2	1	0	8250,00	3712,00	11962,00	4125,00	295
ALTIAMA	4	F	PUR SANG	2	1	0	8250,00	3712,00	11962,00	4125,00	320
STORMY DONALD	4	H	PUR SANG	2	1	0	8250,00	3712,00	11962,00	4125,00	395
GRAND CHELEM	4	H	PUR SANG	1	1	0	8250,00	3712,00	11962,00	8250,00	350
KENCHAK	4	H	PUR SANG	1	1	0	8250,00	3712,00	11962,00	8250,00	350
FRANKLY GOOD CEN	4	M	PUR SANG	1	1	0	8250,00	3712,00	11962,00	8250,00	480
SERENISSIMUS	4	H	PUR SANG	1	1	0	8250,00	3712,00	11962,00	8250,00	
RETIRO	4	M	PUR SANG	1	1	0	8250,00	3712,00	11962,00	8250,00	410
FUTURE FATE	5	H	PUR SANG	1	0	1	8235,00	3705,00	11940,00	8235,00	425
RHIPPER	4	M	PUR SANG	5	1	1	8212,00	3694,00	11906,00	1642,40	250
DENIA	8	F	PUR SANG	4	0	2	8210,00	3693,00	11903,00	2052,50	315
VILLA ADRIENNE	3	F	PUR SANG	4	1	2	8209,00	6154,00	14363,00	2052,25	305
PROLETARIAT	6	H	PUR SANG	6	0	4	8207,00	3692,00	11899,00	1367,83	195
HARIASA	7	F	PUR SANG	4	1	2	8176,00	3679,00	11855,00	2044,00	220
GLENMORE	3	H	PUR SANG	4	1	2	8168,00	2376,00	10544,00	2042,00	315
NEPALAIS	8	H	PUR SANG	4	0	3	8162,00	3672,00	11834,00	2040,50	350
VINO	5	F	PUR SANG	8	0	6	8155,00	3667,00	11822,00	1019,38	180
NARCOS	9	M	PUR SANG	5	1	2	8152,00	3668,00	11820,00	1630,40	280
KALKARA	3	H	PUR SANG	2	0	2	8152,00	6112,00	14264,00	4076,00	410
SORANO	3	M	PUR SANG	2	0	2	8152,00	6112,00	14264,00	4076,00	370
VATICAN	3	M	PUR SANG	2	0	2	8152,00	6112,00	14264,00	4076,00	
LIBECCIO WIND	3	M	PUR SANG	2	0	2	8152,00	0,00	8152,00	4076,00	
YEP	3	H	PUR SANG	2	0	2	8152,00	0,00	8152,00	4076,00	395
SIRAT	3	M	PUR SANG	2	0	2	8152,00	0,00	8152,00	4076,00	385
SUMMER WAY	7	F	PUR SANG	1	1	0	8150,00	3667,00	11817,00	8150,00	300
ARCUBIATU	6	H	PUR SANG	4	1	0	8150,00	3667,00	11817,00	2037,50	285
BELHARRA TOWN	4	F	PUR SANG	1	1	0	8150,00	3667,00	11817,00	8150,00	280
BEST SELLER	4	H	PUR SANG	3	1	0	8150,00	3667,00	11817,00	2716,67	310
WICKBURY	4	F	PUR SANG	3	1	0	8150,00	3667,00	11817,00	2716,67	330
DON NIKOLAOS	7	H	PUR SANG	3	1	0	8150,00	0,00	8150,00	2716,67	255
DAMINO	5	M	PUR SANG	1	1	0	8150,00	0,00	8150,00	8150,00	335
BLANQUETTE	3	F	PUR SANG	5	1	2	8148,00	6110,00	14258,00	1629,60	305
LEMPIRA	6	H	PUR SANG	5	1	3	8107,00	3647,00	11754,00	1621,40	255
UNE AVENTURE	3	M	PUR SANG	4	0	4	8107,00	6078,00	14185,00	2026,75	310
TREIZIEME MOIS	6	H	PUR SANG	3	1	2	8072,00	3632,00	11704,00	2690,67	300
OPIANA	6	F	PUR SANG	4	1	1	8020,00	3609,00	11629,00	2005,00	280
BLACK SAXON	5	H	PUR SANG	2	0	2	8018,00	3607,00	11625,00	4009,00	340
KALEOCREEK	5	H	PUR SANG	3	1	1	8016,00	3607,00	11623,00	2672,00	275
CLAUDIA CHOP	3	F	PUR SANG	5	1	4	8013,00	6009,00	14022,00	1602,60	285
LEVER DE RIDEAU	3	H	PUR SANG	2	0	2	7980,00	5984,00	13964,00	3990,00	350
ARISTOS	4	H	PUR SANG	3	0	3	7979,00	3590,00	11569,00	2659,67	240
ZAURA	3	F	PUR SANG	4	0	3	7973,00	5978,00	13951,00	1993,25	345
TOUTELUSIVE	8	F	PUR SANG	4	1	2	7968,00	3585,00	11553,00	1992,00	255
NEAR FLY	3	H	PUR SANG	5	0	3	7968,00	5976,00	13944,00	1593,60	285
CHARLEMAGNE	4	M	PUR SANG	2	1	1	7947,00	3576,00	11523,00	3973,50	330
JUST IN TIME GAME	7	M	PUR SANG	5	1	1	7944,00	3574,00	11518,00	1588,80	305
PALAZZO	5	H	PUR SANG	7	0	3	7924,00	3564,00	11488,00	1132,00	235
CHARM KING	9	H	PUR SANG	5	1	1	7916,00	3562,00	11478,00	1583,20	215
JOHNNY JANE	4	H	PUR SANG	4	0	4	7889,00	3549,00	11438,00	1972,25	205
COUR DU ROI	7	H	PUR SANG	5	0	4	7870,00	3540,00	11410,00	1574,00	270
LIWOOD	3	M	PUR SANG	5	0	5	7854,00	5889,00	13743,00	1570,80	385
MISSOURI	6	H	PUR SANG	3	0	3	7821,00	0,00	7821,00	2607,00	250
ZYGFRYD	8	H	PUR SANG	6	0	4	7813,00	3514,00	11327,00	1302,17	170
CARTIMANDUA	5	F	PUR SANG	3	0	2	7803,00	3510,00	11313,00	2601,00	300
RUBIS GOLD	8	M	PUR SANG	3	0	3	7794,00	3506,00	11300,00	2598,00	185
INCREMENTAL	6	H	PUR SANG	4	0	3	7769,00	0,00	7769,00	1942,25	345
MUST BE CRACKERS	3	H	PUR SANG	4	1	1	7752,00	5814,00	13566,00	1938,00	260
CENTAURI	3	M	PUR SANG	2	0	2	7721,00	5790,00	13511,00	3860,50	450
VIRIMOON ETOILE	8	F	PUR SANG	4	0	4	7718,00	3472,00	11190,00	1929,50	255
HURLEVENT	4	H	PUR SANG	4	1	2	7712,00	3470,00	11182,00	1928,00	270
MAC LA TAMBOUILLE	8	H	PUR SANG	4	0	3	7703,00	3465,00	11168,00	1925,75	300
WOLVERINE	3	H	PUR SANG	3	0	3	7703,00	5777,00	13480,00	2567,67	330
ZASTER FOR ALL	8	F	PUR SANG	1	1	0	7700,00	3465,00	11165,00	7700,00	175
MANDOKI	6	H	PUR SANG	3	1	0	7700,00	3465,00	11165,00	2566,67	275
ZVALIKOVA	5	F	PUR SANG	1	1	0	7700,00	3465,00	11165,00	7700,00	350
GOWAY	5	H	PUR SANG	4	1	0	7700,00	3465,00	11165,00	1925,00	375
EVER KATE	5	F	PUR SANG	3	1	0	7700,00	3465,00	11165,00	2566,67	290
JOSEPHINO	7	M	PUR SANG	3	1	0	7700,00	0,00	7700,00	2566,67	370
HEY MAN	8	H	PUR SANG	3	1	1	7668,00	3450,00	11118,00	2556,00	235
ANOTHERMINE	4	F	PUR SANG	2	0	2	7658,00	3445,00	11103,00	3829,00	335
REMIX	7	H	PUR SANG	2	1	1	7636,00	3435,00	11071,00	3818,00	305
SEND WOOD	4	F	PUR SANG	4	0	4	7608,00	3422,00	11030,00	1902,00	360
SOUS INFLUENCE	5	H	PUR SANG	4	0	4	7602,00	0,00	7602,00	1900,50	370
EXPERTISE	6	F	PUR SANG	5	0	3	7584,00	3412,00	10996,00	1516,80	270
DELIRE D'AMOUR	3	F	PUR SANG	5	0	4	7566,00	5674,00	13240,00	1513,20	350
CARLSTON	5	H	PUR SANG	7	0	3	7548,00	3395,00	10943,00	1078,29	250
CIELO DI ROMA	3	M	PUR SANG	1	0	1	7545,00	5658,00	13203,00	7545,00	455
RENCONTRE SPORTIVE	3	H	PUR SANG	1	0	1	7545,00	5658,00	13203,00	7545,00	450
GO MAN	3	M	PUR SANG	1	0	1	7545,00	5658,00	13203,00	7545,00	465
AFJAN	3	M	PUR SANG	1	0	1	7545,00	5658,00	13203,00	7545,00	475
ALARMING	3	F	PUR SANG	1	0	1	7545,00	0,00	7545,00	7545,00	
SELF CONTROL	3	F	PUR SANG	4	0	3	7540,00	5655,00	13195,00	1885,00	315
JANNET	3	F	PUR SANG	2	0	2	7534,00	0,00	7534,00	3767,00	385
DSCHINGIS ANGEL	5	F	PUR SANG	6	0	5	7501,00	3374,00	10875,00	1250,17	170
SAM PRESSAO	4	M	PUR SANG	4	1	2	7495,00	3372,00	10867,00	1873,75	260
MINO PICO	7	F	PUR SANG	6	1	1	7487,00	0,00	7487,00	1247,83	190
SI CAPO SI	5	H	PUR SANG	4	0	3	7474,00	3362,00	10836,00	1868,50	220
BEWARE OF THE BEAR	3	M	PUR SANG	6	0	6	7460,00	0,00	7460,00	1243,33	320
PACO	8	M	PUR SANG	7	1	1	7431,00	3343,00	10774,00	1061,57	270
PLAY THE GAME	3	F	PUR SANG	7	0	6	7422,00	5565,00	12987,00	1060,29	275
MASSKO	4	H	PUR SANG	3	1	1	7417,00	3337,00	10754,00	2472,33	280
VOYAGE OLYMPIQUE	3	F	PUR SANG	5	0	5	7408,00	5554,00	12962,00	1481,60	285
KISS ME CHOP	4	H	PUR SANG	4	1	3	7360,00	3312,00	10672,00	1840,00	650
C'EST VRAI	4	M	PUR SANG	1	0	1	7320,00	3294,00	10614,00	7320,00	480
LOUVE PRECIEUSE	7	F	PUR SANG	5	0	5	7303,00	3285,00	10588,00	1460,60	210
ROULETTE	4	H	PUR SANG	1	1	0	7300,00	3285,00	10585,00	7300,00	335
SWEET DIANA	6	F	PUR SANG	2	1	0	7300,00	0,00	7300,00	3650,00	310
EYWA	4	F	PUR SANG	6	0	4	7292,00	3280,00	10572,00	1215,33	250
DAKOTA GIRL	5	F	PUR SANG	4	1	3	7288,00	0,00	7288,00	1822,00	290
TERRE SACREE	8	F	PUR SANG	3	1	2	7286,00	3278,00	10564,00	2428,67	175
MONTE LINAS	6	H	PUR SANG	2	1	1	7284,00	0,00	7284,00	3642,00	265
BYGOUDINE	4	F	PUR SANG	4	0	4	7275,00	3272,00	10547,00	1818,75	285
YOGUI	4	H	PUR SANG	4	0	4	7258,00	3264,00	10522,00	1814,50	315
IRISHKAMAYA	6	F	PUR SANG	3	0	2	7253,00	3262,00	10515,00	2417,67	320
SWEEP AWAY	6	H	PUR SANG	6	0	4	7253,00	3261,00	10514,00	1208,83	290
ADICCION	3	M	PUR SANG	6	1	2	7245,00	5433,00	12678,00	1207,50	280
MONA MALPIC	5	F	PUR SANG	4	1	3	7240,00	3258,00	10498,00	1810,00	545
LES PETITS PRINCES	4	H	PUR SANG	2	0	2	7229,00	3252,00	10481,00	3614,50	440
ZELZANA	3	F	PUR SANG	6	0	6	7211,00	5407,00	12618,00	1201,83	260
KONIG CHOUCHEN	14	H	PUR SANG	2	1	0	7200,00	3240,00	10440,00	3600,00	210
COCOA	9	F	PUR SANG	4	1	0	7200,00	3240,00	10440,00	1800,00	190
GOT FLOWER	4	F	PUR SANG	5	0	3	7198,00	3238,00	10436,00	1439,60	275
WESTMINSTER PILOT	4	H	PUR SANG	4	1	2	7185,00	0,00	7185,00	1796,25	320
REMBRAND TO GO	4	M	PUR SANG	3	0	3	7173,00	3227,00	10400,00	2391,00	365
FIRST CREATION	8	H	PUR SANG	3	1	2	7142,00	1525,00	8667,00	2380,67	240
BEVAN	7	H	PUR SANG	1	0	1	7140,00	3213,00	10353,00	7140,00	445
RASHFORD	6	M	PUR SANG	1	0	1	7140,00	3213,00	10353,00	7140,00	485
JUBBAH	5	F	PUR SANG	4	1	1	7136,00	3210,00	10346,00	1784,00	200
PRINCE DE MONTFORT	8	H	PUR SANG	3	0	1	7126,00	3206,00	10332,00	2375,33	400
MON RICIN	7	H	PUR SANG	1	0	1	7126,00	3206,00	10332,00	7126,00	395
HASAPIKO	6	F	PUR SANG	1	0	1	7126,00	3206,00	10332,00	7126,00	395
WOOTTON MELODY	5	M	PUR SANG	1	0	1	7126,00	3206,00	10332,00	7126,00	370
CELESTIAL	5	H	PUR SANG	1	0	1	7126,00	3206,00	10332,00	7126,00	415
PRINCESSE TREZY	4	F	PUR SANG	1	0	1	7126,00	3206,00	10332,00	7126,00	375
TYSON	4	H	PUR SANG	1	0	1	7126,00	3206,00	10332,00	7126,00	360
OTOMAI	4	M	PUR SANG	3	0	1	7126,00	3206,00	10332,00	2375,33	385
SAXON VILLAGE	7	H	PUR SANG	3	0	1	7126,00	0,00	7126,00	2375,33	340
ANDINO	9	M	PUR SANG	5	0	3	7123,00	3205,00	10328,00	1424,60	215
SISSI IMPERATRICE	4	F	PUR SANG	5	1	2	7104,00	3196,00	10300,00	1420,80	230
MY WAY	3	H	PUR SANG	3	0	2	7104,00	5328,00	12432,00	2368,00	405
HAVANA SIX	7	F	PUR SANG	4	0	3	7098,00	3193,00	10291,00	1774,50	330
LOGIS	5	H	PUR SANG	5	0	4	7087,00	3187,00	10274,00	1417,40	220
TIMES JUBILEE	3	F	PUR SANG	2	0	2	7087,00	0,00	7087,00	3543,50	
MY QUEEN	4	F	PUR SANG	3	0	3	7076,00	3183,00	10259,00	2358,67	350
POKROV	4	H	PUR SANG	4	0	3	7072,00	3182,00	10254,00	1768,00	255
APAX	6	H	PUR SANG	3	0	2	7067,00	3179,00	10246,00	2355,67	420
BEAUTIFUL TIME	4	F	PUR SANG	3	1	1	7021,00	3158,00	10179,00	2340,33	280
NEBUR	3	M	PUR SANG	4	0	3	7010,00	5256,00	12266,00	1752,50	360
HOT AND BEAUTY	4	F	PUR SANG	4	0	4	6980,00	3140,00	10120,00	1745,00	270
AGAMEMNON	8	H	PUR SANG	4	1	1	6973,00	3137,00	10110,00	1743,25	255
ROOFTOP	5	H	PUR SANG	5	0	4	6964,00	3132,00	10096,00	1392,80	340
VIVRE LIBRE	4	H	PUR SANG	3	1	2	6944,00	3123,00	10067,00	2314,67	575
MAHJOUBA	4	F	PUR SANG	6	0	3	6944,00	3124,00	10068,00	1157,33	260
DEMPY	5	H	PUR SANG	4	0	4	6932,00	3118,00	10050,00	1733,00	345
SEDE VACANTE	3	F	PUR SANG	3	0	3	6922,00	5191,00	12113,00	2307,33	275
BOX OFFICER	3	H	PUR SANG	2	0	2	6917,00	5186,00	12103,00	3458,50	375
CONSPIRATOR	3	M	PUR SANG	2	0	2	6916,00	5186,00	12102,00	3458,00	350
ART PIECE	4	H	PUR SANG	3	0	3	6889,00	3099,00	9988,00	2296,33	285
CHESTER SKY	5	H	PUR SANG	4	0	3	6848,00	3079,00	9927,00	1712,00	280
GOLFEUR	5	H	PUR SANG	4	0	3	6847,00	3079,00	9926,00	1711,75	310
QAMRAN	3	H	PUR SANG	3	0	3	6801,00	0,00	6801,00	2267,00	350
HY DREAM	8	F	PUR SANG	5	0	4	6781,00	3049,00	9830,00	1356,20	260
TASTEFUL	3	F	PUR SANG	2	0	2	6720,00	5040,00	11760,00	3360,00	370
COUPE D'EUROPE	5	F	PUR SANG	2	1	0	6700,00	3015,00	9715,00	3350,00	345
RIGEL	4	F	PUR SANG	5	0	4	6697,00	3012,00	9709,00	1339,40	260
MISS CHIQUITA	3	F	PUR SANG	3	0	3	6688,00	5016,00	11704,00	2229,33	390
SEMEUR	11	H	PUR SANG	4	1	1	6687,00	3009,00	9696,00	1671,75	195
CIRCION CHOP	3	M	PUR SANG	4	1	2	6670,00	5002,00	11672,00	1667,50	280
LOS SUENOS	4	H	PUR SANG	3	1	1	6642,00	0,00	6642,00	2214,00	275
LIBYAN KNIGHT	4	H	PUR SANG	3	0	3	6642,00	0,00	6642,00	2214,00	315
ETRE	4	F	PUR SANG	3	0	3	6636,00	2985,00	9621,00	2212,00	300
SANDY EAGLE	4	F	PUR SANG	3	1	1	6635,00	2985,00	9620,00	2211,67	270
DOUBLE EFFECT	6	F	PUR SANG	3	0	3	6626,00	2980,00	9606,00	2208,67	260
LEOPARDUCCIO	6	H	PUR SANG	5	0	2	6624,00	2980,00	9604,00	1324,80	345
NASDAQ	5	M	PUR SANG	3	0	2	6624,00	2980,00	9604,00	2208,00	355
RANCON ROYALE	7	H	PUR SANG	4	0	2	6624,00	2980,00	9604,00	1656,00	325
SCHUMAN	4	M	PUR SANG	3	0	3	6616,00	2976,00	9592,00	2205,33	390
DOUBLE MAJOR	6	H	PUR SANG	1	0	1	6612,00	2975,00	9587,00	6612,00	505
REGGAE TIME	3	M	PUR SANG	4	2	1	6600,00	4950,00	11550,00	1650,00	525
KESHAPOUR	5	H	PUR SANG	2	0	2	6594,00	2966,00	9560,00	3297,00	460
MAGIC TUNIS	6	H	PUR SANG	3	0	3	6587,00	2963,00	9550,00	2195,67	245
FOR WIN	5	H	PUR SANG	3	0	3	6580,00	0,00	6580,00	2193,33	270
RAGE CHOPE	3	F	PUR SANG	5	0	4	6578,00	4933,00	11511,00	1315,60	265
MEAUTIS	5	H	PUR SANG	3	0	2	6552,00	2947,00	9499,00	2184,00	325
MONSIEUR DUPONT	5	H	PUR SANG	3	1	1	6518,00	2932,00	9450,00	2172,67	230
HAPPY LADY	4	F	PUR SANG	2	0	2	6482,00	2915,00	9397,00	3241,00	300
KAPETANIOS	6	H	PUR SANG	4	0	4	6466,00	2907,00	9373,00	1616,50	285
REJAITT	4	F	PUR SANG	3	1	1	6462,00	0,00	6462,00	2154,00	275
DREAM WUKAIR	6	F	PUR SANG	6	0	4	6456,00	2903,00	9359,00	1076,00	200
PAMELA BOUM	5	F	PUR SANG	3	0	3	6451,00	2901,00	9352,00	2150,33	250
SUDDEN DEATH	8	H	PUR SANG	4	0	4	6422,00	2551,00	8973,00	1605,50	160
DECLA	3	H	PUR SANG	3	0	3	6408,00	4805,00	11213,00	2136,00	320
JOYCE GALESTE	7	F	PUR SANG	3	1	0	6400,00	2880,00	9280,00	2133,33	260
LIO DE LA PLATA	5	F	PUR SANG	1	1	0	6400,00	2880,00	9280,00	6400,00	260
LE ROUGE CHINOIS	6	H	PUR SANG	3	1	0	6400,00	0,00	6400,00	2133,33	265
MOURAT	4	H	PUR SANG	5	0	3	6400,00	2879,00	9279,00	1280,00	320
CHAPELLE SIXTINE	3	F	PUR SANG	2	0	2	6398,00	4798,00	11196,00	3199,00	380
NEVER LATE	3	F	PUR SANG	2	0	2	6336,00	4752,00	11088,00	3168,00	
CIAO NENE	3	H	PUR SANG	2	0	2	6336,00	4752,00	11088,00	3168,00	335
SORBETTO	3	M	PUR SANG	2	0	2	6335,00	4750,00	11085,00	3167,50	395
LE CENTRAL	6	H	PUR SANG	6	0	5	6315,00	2840,00	9155,00	1052,50	320
BY THE WAY	9	H	PUR SANG	5	0	3	6308,00	2837,00	9145,00	1261,60	235
L'ABBAYE	3	F	PUR SANG	3	0	2	6302,00	4726,00	11028,00	2100,67	390
LONDONPOLO	4	M	PUR SANG	3	0	2	6294,00	2831,00	9125,00	2098,00	295
THE TOP GATSBY	6	F	PUR SANG	3	0	2	6272,00	2820,00	9092,00	2090,67	380
JUSEARTH FAL	4	H	PUR SANG	2	0	2	6268,00	2819,00	9087,00	3134,00	420
CAMBRONNE	6	H	PUR SANG	2	0	2	6264,00	2818,00	9082,00	3132,00	440
ANDY'S SPIRIT	4	H	PUR SANG	5	0	5	6261,00	2815,00	9076,00	1252,20	260
BURNING HEART	4	M	PUR SANG	5	0	3	6259,00	2814,00	9073,00	1251,80	290
GAVIAL	7	H	PUR SANG	1	1	0	6250,00	2812,00	9062,00	6250,00	235
MARMARA	4	F	PUR SANG	1	1	0	6250,00	0,00	6250,00	6250,00	300
WELLINGTON PREMIER	4	M	PUR SANG	2	0	2	6232,00	2803,00	9035,00	3116,00	355
MAKAROV	4	H	PUR SANG	3	0	2	6230,00	2802,00	9032,00	2076,67	305
JOH SPIRIT	7	F	PUR SANG	4	0	3	6219,00	2797,00	9016,00	1554,75	370
SULLY	3	H	PUR SANG	5	0	5	6216,00	4660,00	10876,00	1243,20	300
RIGEL BLUE	3	F	PUR SANG	2	0	2	6213,00	4659,00	10872,00	3106,50	
THARPE	5	H	PUR SANG	4	0	4	6197,00	2787,00	8984,00	1549,25	250
IRTYCH	5	H	PUR SANG	5	0	3	6196,00	2787,00	8983,00	1239,20	245
ESHBELIA	5	F	PUR SANG	4	1	2	6160,00	2772,00	8932,00	1540,00	600
SKADOOSH	5	H	PUR SANG	5	1	1	6157,00	2770,00	8927,00	1231,40	235
SITULA	3	F	PUR SANG	2	0	2	6146,00	4609,00	10755,00	3073,00	
WOOD ROSE	3	M	PUR SANG	3	0	3	6144,00	4608,00	10752,00	2048,00	325
CAMELARUA	4	F	PUR SANG	4	0	3	6135,00	2758,00	8893,00	1533,75	260
SENONNIAN	4	H	PUR SANG	5	0	3	6122,00	2754,00	8876,00	1224,40	340
KAMETA	6	F	PUR SANG	4	0	2	6116,00	2751,00	8867,00	1529,00	250
PAPILLE D'ARGENT	4	H	PUR SANG	3	0	3	6104,00	2746,00	8850,00	2034,67	320
MARCHEMALO	4	H	PUR SANG	3	0	2	6084,00	2737,00	8821,00	2028,00	365
RONNIE ROCKET	6	H	PUR SANG	4	1	3	6080,00	2736,00	8816,00	1520,00	640
DANDY STYLE	3	M	PUR SANG	2	0	1	6080,00	0,00	6080,00	3040,00	
LOVECAYAN	5	F	PUR SANG	6	0	3	6074,00	2732,00	8806,00	1012,33	210
MOUTRAKI	8	H	PUR SANG	3	1	0	6050,00	0,00	6050,00	2016,67	255
PREMIERA	3	F	PUR SANG	4	0	4	6026,00	4519,00	10545,00	1506,50	280
SIMPLYTHEBEST	3	H	PUR SANG	3	0	3	6026,00	4519,00	10545,00	2008,67	295
GOLDENPALM	3	H	PUR SANG	3	0	3	6022,00	4515,00	10537,00	2007,33	290
KIM KARALA	6	F	PUR SANG	3	0	3	5980,00	2690,00	8670,00	1993,33	260
MAYA CHOP	4	H	PUR SANG	7	0	5	5979,00	2689,00	8668,00	854,14	205
HATFAVILLE	5	F	PUR SANG	2	0	2	5976,00	2688,00	8664,00	2988,00	220
THE DOCTOR	4	H	PUR SANG	4	0	4	5959,00	2680,00	8639,00	1489,75	370
LIENESSE	5	H	PUR SANG	1	1	0	5950,00	2677,00	8627,00	5950,00	270
TAPIOCA PEARL	4	F	PUR SANG	1	1	0	5950,00	2677,00	8627,00	5950,00	355
XCLUSIVITE	4	F	PUR SANG	1	1	0	5950,00	2677,00	8627,00	5950,00	325
MAYISKI	4	H	PUR SANG	2	1	0	5950,00	2677,00	8627,00	2975,00	295
YAMANAKA	4	H	PUR SANG	1	1	0	5950,00	2677,00	8627,00	5950,00	350
NARGIZ	4	F	PUR SANG	2	1	0	5950,00	2677,00	8627,00	2975,00	330
MADAMA	4	F	PUR SANG	1	1	0	5950,00	0,00	5950,00	5950,00	310
ANOTHER LIGHT	4	F	PUR SANG	1	1	0	5950,00	0,00	5950,00	5950,00	370
BRIGHT FUTURE	4	F	PUR SANG	1	1	0	5950,00	0,00	5950,00	5950,00	320
ERLING	4	M	PUR SANG	2	1	0	5950,00	0,00	5950,00	2975,00	335
EKTORIA	6	F	PUR SANG	6	0	5	5935,00	2668,00	8603,00	989,17	245
ALICANTO	6	H	PUR SANG	3	0	2	5930,00	2667,00	8597,00	1976,67	265
CAPOUCHINE	3	F	PUR SANG	7	0	7	5929,00	4444,00	10373,00	847,00	265
WHATAHERO	4	H	PUR SANG	4	0	3	5906,00	0,00	5906,00	1476,50	315
THUNDERHEART	5	H	PUR SANG	7	0	5	5905,00	2654,00	8559,00	843,57	250
NUMERUS BORGET	8	H	PUR SANG	3	0	2	5904,00	2656,00	8560,00	1968,00	290
VALIENTE	3	M	PUR SANG	4	0	3	5901,00	4425,00	10326,00	1475,25	335
KING OF CHILL	4	H	PUR SANG	5	0	4	5900,00	2653,00	8553,00	1180,00	315
DSCHINGIS NECKARA	3	F	PUR SANG	3	1	2	5890,00	4416,00	10306,00	1963,33	310
POPPIE SAN	5	F	PUR SANG	2	0	2	5880,00	2645,00	8525,00	2940,00	255
PURPLE BAY	3	H	PUR SANG	3	0	2	5880,00	4409,00	10289,00	1960,00	330
KARAMA AL LEITH	3	F	PUR SANG	2	0	2	5880,00	0,00	5880,00	2940,00	340
SILGREYPIT	4	F	PUR SANG	4	0	3	5866,00	2638,00	8504,00	1466,50	325
LANZELOT GOLD	5	M	PUR SANG	2	0	2	5860,00	2636,00	8496,00	2930,00	435
I AM MAELIA	3	F	PUR SANG	3	0	3	5856,00	4392,00	10248,00	1952,00	340
TEMIRI	4	M	PUR SANG	3	0	3	5852,00	2632,00	8484,00	1950,67	270
PALIMERO	9	H	PUR SANG	4	0	4	5849,00	0,00	5849,00	1462,25	155
CHARMING CAT	3	M	PUR SANG	5	0	2	5834,00	4374,00	10208,00	1166,80	285
LOREEN	5	F	PUR SANG	3	0	3	5824,00	0,00	5824,00	1941,33	305
PEN AND SWORD	3	M	PUR SANG	2	0	2	5824,00	0,00	5824,00	2912,00	405
MARCAN	9	H	PUR SANG	4	0	3	5787,00	2602,00	8389,00	1446,75	185
LUNE ROUGE	5	F	PUR SANG	2	0	2	5782,00	2601,00	8383,00	2891,00	215
MAHASEN	4	F	PUR SANG	3	1	1	5766,00	2594,00	8360,00	1922,00	330
PEARL SPIRIT	4	F	PUR SANG	4	0	3	5759,00	2590,00	8349,00	1439,75	275
MAGIC VATI	9	H	PUR SANG	7	1	0	5750,00	2587,00	8337,00	821,43	175
BELL SONG	6	F	PUR SANG	1	1	0	5750,00	2587,00	8337,00	5750,00	270
CLAIM A GIFT	3	F	PUR SANG	2	1	0	5750,00	4312,00	10062,00	2875,00	300
BE MY PERSON	3	F	PUR SANG	1	1	0	5750,00	0,00	5750,00	5750,00	
POSSENHOFEN	3	H	PUR SANG	3	0	3	5744,00	4308,00	10052,00	1914,67	355
MEXICANA	3	F	PUR SANG	4	0	2	5718,00	4288,00	10006,00	1429,50	280
CHAPEL HILL	4	F	PUR SANG	3	0	3	5717,00	2571,00	8288,00	1905,67	270
BLOOMTAAL	4	H	PUR SANG	2	0	2	5700,00	2564,00	8264,00	2850,00	320
WHAKA	3	F	PUR SANG	5	0	4	5692,00	4269,00	9961,00	1138,40	305
RABBAH	7	H	PUR SANG	7	0	4	5684,00	2557,00	8241,00	812,00	220
MYSTERY DAY	3	F	PUR SANG	2	0	2	5682,00	0,00	5682,00	2841,00	360
LEIA ORGANA	3	F	PUR SANG	2	0	2	5681,00	4260,00	9941,00	2840,50	
AEDION	3	H	PUR SANG	2	0	2	5681,00	4260,00	9941,00	2840,50	375
SAUZET	3	H	PUR SANG	2	0	2	5681,00	4260,00	9941,00	2840,50	
GLANWORTH	4	H	PUR SANG	2	0	2	5681,00	0,00	5681,00	2840,50	410
TOMAKAY	5	H	PUR SANG	2	0	2	5646,00	2539,00	8185,00	2823,00	465
HAPPY CHRISNAT	9	H	PUR SANG	3	0	2	5644,00	2538,00	8182,00	1881,33	235
BATESCA	5	F	PUR SANG	6	0	2	5642,00	2538,00	8180,00	940,33	275
THE SHADOW	4	F	PUR SANG	2	0	2	5637,00	2535,00	8172,00	2818,50	340
ROSKIVA FAL	3	F	PUR SANG	3	0	3	5624,00	4218,00	9842,00	1874,67	350
BEN DE DIANE	7	H	PUR SANG	6	0	5	5600,00	2518,00	8118,00	933,33	270
NELLIEDONADO	3	F	PUR SANG	2	0	2	5570,00	4177,00	9747,00	2785,00	370
BLACK THUNDER	3	M	PUR SANG	3	0	3	5567,00	4174,00	9741,00	1855,67	340
TENYEARSAFTER	5	H	PUR SANG	6	0	3	5560,00	2501,00	8061,00	926,67	200
IDEE DE CHEVAL	6	H	PUR SANG	5	0	3	5550,00	2496,00	8046,00	1110,00	290
CAROMB	4	H	PUR SANG	3	0	2	5532,00	0,00	5532,00	1844,00	415
BARBADIN	9	H	PUR SANG	3	0	2	5520,00	2484,00	8004,00	1840,00	275
CAPE OF FLAMES	4	F	PUR SANG	4	0	2	5504,00	0,00	5504,00	1376,00	255
HIGHBOURNE KARISMA	5	F	PUR SANG	1	1	0	5500,00	0,00	5500,00	5500,00	
KOVROV	6	H	PUR SANG	1	0	1	5490,00	2470,00	7960,00	5490,00	430
AUCOEURDELANUIT	6	H	PUR SANG	4	0	1	5472,00	2462,00	7934,00	1368,00	305
AQUITAIN	4	H	PUR SANG	3	0	1	5472,00	2462,00	7934,00	1824,00	355
GALAGOS	4	M	PUR SANG	2	0	1	5472,00	2462,00	7934,00	2736,00	335
LUCIO VERO	6	H	PUR SANG	5	0	3	5468,00	0,00	5468,00	1093,60	235
SAINT HELLIER	7	H	PUR SANG	2	0	2	5466,00	2459,00	7925,00	2733,00	295
SIGRUNE	6	F	PUR SANG	4	1	3	5462,00	2456,00	7918,00	1365,50	210
MANDEGA	6	H	PUR SANG	3	0	3	5450,00	2451,00	7901,00	1816,67	260
VIENTO DE LEVANTE	4	F	PUR SANG	2	0	2	5446,00	2449,00	7895,00	2723,00	330
BOB LA BIDOUILLE	7	H	PUR SANG	7	0	4	5436,00	2444,00	7880,00	776,57	220
SAN TEODORICO	7	H	PUR SANG	4	1	2	5426,00	2441,00	7867,00	1356,50	260
TWIN BOY	8	H	PUR SANG	7	0	4	5424,00	2440,00	7864,00	774,86	220
BABADOO	3	H	PUR SANG	3	0	2	5424,00	4068,00	9492,00	1808,00	270
YACHT SHOW	4	H	PUR SANG	3	0	3	5415,00	2434,00	7849,00	1805,00	310
SAINT LAURENT	3	M	PUR SANG	5	0	5	5414,00	4060,00	9474,00	1082,80	280
JAZZ ROQUE	7	H	PUR SANG	4	1	2	5412,00	2435,00	7847,00	1353,00	250
NOUS Y SOMMES	4	H	PUR SANG	2	0	2	5396,00	2428,00	7824,00	2698,00	370
MR FILERIN	4	H	PUR SANG	4	0	3	5396,00	2427,00	7823,00	1349,00	310
STAR CREEK	4	H	PUR SANG	3	0	2	5380,00	2419,00	7799,00	1793,33	270
NIKOLAJ	6	M	PUR SANG	2	0	2	5376,00	2418,00	7794,00	2688,00	360
LA GUERCHE	5	F	PUR SANG	2	0	2	5376,00	2418,00	7794,00	2688,00	350
CITY SLICKER	3	M	PUR SANG	2	0	2	5376,00	4032,00	9408,00	2688,00	300
BASQUIAT	3	H	PUR SANG	2	0	2	5376,00	4032,00	9408,00	2688,00	
SOLIKHIEV	3	H	PUR SANG	2	0	2	5376,00	4032,00	9408,00	2688,00	
KUPKA	4	H	PUR SANG	4	0	3	5368,00	2413,00	7781,00	1342,00	290
CARIFTA	5	F	PUR SANG	3	1	2	5360,00	2412,00	7772,00	1786,67	530
ORANGERIE	4	F	PUR SANG	2	0	2	5352,00	0,00	5352,00	2676,00	310
MAX VERST	7	H	PUR SANG	4	0	2	5344,00	2404,00	7748,00	1336,00	375
GITANO	4	H	PUR SANG	2	0	2	5344,00	2404,00	7748,00	2672,00	385
WALLIS ET FUTUNA	8	F	PUR SANG	3	1	2	5340,00	2403,00	7743,00	1780,00	620
MEFIE TOI	3	H	PUR SANG	4	0	3	5339,00	4004,00	9343,00	1334,75	370
RIO	5	F	PUR SANG	3	0	3	5337,00	2401,00	7738,00	1779,00	295
ELAUNEIL	6	F	PUR SANG	5	0	3	5333,00	2398,00	7731,00	1066,60	240
MORSAN	10	H	PUR SANG	8	0	6	5323,00	2393,00	7716,00	665,38	260
MAGNUS	3	H	PUR SANG	2	0	2	5311,00	3981,00	9292,00	2655,50	
DORMEZ VOUS	3	M	PUR SANG	2	0	2	5311,00	0,00	5311,00	2655,50	365
LAURENT	7	H	PUR SANG	2	0	2	5310,00	2388,00	7698,00	2655,00	345
PERTUSATO	8	H	PUR SANG	2	0	2	5282,00	2376,00	7658,00	2641,00	310
NEROKAS	8	H	PUR SANG	5	0	3	5252,00	2363,00	7615,00	1050,40	210
ELIMA	3	F	PUR SANG	2	0	2	5248,00	3936,00	9184,00	2624,00	390
ALREADY QUEEN	5	F	PUR SANG	5	0	4	5241,00	2357,00	7598,00	1048,20	215
PARIS BABE	4	F	PUR SANG	2	0	2	5241,00	2358,00	7599,00	2620,50	415
MOUDIR	10	H	PUR SANG	3	0	3	5238,00	2355,00	7593,00	1746,00	190
TOREBEK	3	M	PUR SANG	4	0	3	5229,00	3921,00	9150,00	1307,25	280
PAPITO	3	M	PUR SANG	3	0	3	5229,00	3921,00	9150,00	1743,00	310
SALAMANQUE	3	F	PUR SANG	4	0	3	5224,00	3918,00	9142,00	1306,00	315
PISORNO	8	H	PUR SANG	3	1	1	5217,00	2347,00	7564,00	1739,00	220
TREVANION	6	H	PUR SANG	2	0	2	5208,00	0,00	5208,00	2604,00	325
PIERCHIC	3	F	PUR SANG	1	0	1	5206,00	0,00	5206,00	5206,00	
TOKAIDO	2	H	PUR SANG	1	0	1	5206,00	0,00	5206,00	5206,00	
MONSIEUR FANTAISIE	8	H	PUR SANG	5	0	4	5193,00	0,00	5193,00	1038,60	225
ZILRAK	6	H	PUR SANG	3	0	2	5184,00	2332,00	7516,00	1728,00	355
GREAT CHARLIE	8	H	PUR SANG	4	0	4	5170,00	2324,00	7494,00	1292,50	250
MAESTRO CHOP	9	H	PUR SANG	6	0	6	5160,00	2320,00	7480,00	860,00	150
VEGA	5	F	PUR SANG	6	0	3	5155,00	2318,00	7473,00	859,17	290
PAUL DE TARSE	3	H	PUR SANG	2	0	2	5148,00	3861,00	9009,00	2574,00	295
VERMEER	4	H	PUR SANG	4	0	2	5138,00	2311,00	7449,00	1284,50	295
SOUPIR	8	H	PUR SANG	4	0	4	5134,00	2309,00	7443,00	1283,50	185
ATALAYA	3	F	PUR SANG	4	0	4	5132,00	3848,00	8980,00	1283,00	295
MASTER CATH	4	M	PUR SANG	3	0	3	5123,00	2303,00	7426,00	1707,67	405
INDIAN PACIFIC	10	H	PUR SANG	4	0	4	5107,00	2297,00	7404,00	1276,75	285
MORO	5	H	PUR SANG	2	0	2	5096,00	2293,00	7389,00	2548,00	320
GLORIETTE SAN	6	F	PUR SANG	2	0	2	5083,00	2287,00	7370,00	2541,50	320
WESTMINSTER CHERRY	3	M	PUR SANG	2	0	2	5064,00	0,00	5064,00	2532,00	
FURY BOXING	4	M	PUR SANG	2	0	2	5056,00	2274,00	7330,00	2528,00	290
ILDOUCE FLECHOIS	8	H	PUR SANG	2	1	0	5050,00	2272,00	7322,00	2525,00	305
LOVEROSE	4	F	PUR SANG	1	1	0	5050,00	0,00	5050,00	5050,00	
LA BOBRIDE	4	F	PUR SANG	2	1	0	5050,00	2272,00	7322,00	2525,00	325
LE SENONNAIS	3	M	PUR SANG	2	1	0	5050,00	3787,00	8837,00	2525,00	315
BARSSIO	4	M	PUR SANG	3	0	3	5040,00	2266,00	7306,00	1680,00	270
INMATE	4	M	PUR SANG	4	0	3	5033,00	0,00	5033,00	1258,25	260
GAZI	3	M	PUR SANG	1	0	1	5030,00	3772,00	8802,00	5030,00	415
MARYLENE DU SERRE	3	F	PUR SANG	1	0	1	5030,00	3772,00	8802,00	5030,00	435
SHAATIR	3	M	PUR SANG	1	0	1	5030,00	0,00	5030,00	5030,00	
ZOFFWALTZ	7	F	PUR SANG	3	0	2	5018,00	2257,00	7275,00	1672,67	290
BAK'S WOOD	5	H	PUR SANG	2	1	1	5000,00	2250,00	7250,00	2500,00	635
NUEVO QUARTZ	3	M	PUR SANG	1	1	0	5000,00	3750,00	8750,00	5000,00	
ROMA ANTICA	3	F	PUR SANG	2	1	0	5000,00	0,00	5000,00	2500,00	
DERBYCAT	3	F	PUR SANG	1	1	0	5000,00	0,00	5000,00	5000,00	
SEA NYMPH	3	F	PUR SANG	1	1	0	5000,00	0,00	5000,00	5000,00	
MOWGLI	6	H	PUR SANG	2	0	2	4997,00	2247,00	7244,00	2498,50	250
JOHN WICK	7	H	PUR SANG	3	0	3	4982,00	2241,00	7223,00	1660,67	290
STARZO FAL	5	M	PUR SANG	4	0	3	4963,00	2232,00	7195,00	1240,75	325
SILVER CONDOR	10	H	PUR SANG	6	0	3	4946,00	2225,00	7171,00	824,33	165
SECULIER	4	H	PUR SANG	5	0	2	4944,00	2224,00	7168,00	988,80	205
LUCY GALESTE	5	F	PUR SANG	2	0	2	4940,00	2222,00	7162,00	2470,00	285
ROSE PRAIRIE	3	F	PUR SANG	6	1	2	4932,00	3698,00	8630,00	822,00	275
GIRAFFE	6	F	PUR SANG	4	0	1	4922,00	2214,00	7136,00	1230,50	310
HER CHRISTOPHER	5	H	PUR SANG	1	0	1	4922,00	2214,00	7136,00	4922,00	300
LE ROCKEUR	6	M	PUR SANG	2	0	1	4922,00	2214,00	7136,00	2461,00	320
LISIPPO	4	M	PUR SANG	2	0	1	4922,00	0,00	4922,00	2461,00	335
TIMEA	4	F	PUR SANG	1	0	1	4922,00	2214,00	7136,00	4922,00	345
OCEAN STAR	3	M	PUR SANG	4	0	3	4920,00	3690,00	8610,00	1230,00	325
EXQUISE ITALIENNE	3	F	PUR SANG	2	0	2	4920,00	3690,00	8610,00	2460,00	355
GOLDEN RIVER	6	F	PUR SANG	6	0	3	4899,00	2202,00	7101,00	816,50	225
CLEAN BOWLED	4	H	PUR SANG	2	0	2	4894,00	2201,00	7095,00	2447,00	230
LADY DU SAPHIR	5	F	PUR SANG	5	0	5	4873,00	2191,00	7064,00	974,60	235
WOODCHUCK	6	H	PUR SANG	1	0	1	4872,00	2192,00	7064,00	4872,00	500
DONE DEAL	5	M	PUR SANG	1	0	1	4872,00	2192,00	7064,00	4872,00	400
SPANISH PRINCE	4	H	PUR SANG	1	0	1	4872,00	2192,00	7064,00	4872,00	400
MATAURI BAY	4	M	PUR SANG	1	0	1	4872,00	0,00	4872,00	4872,00	455
GAILLARD	6	H	PUR SANG	5	0	3	4870,00	2190,00	7060,00	974,00	330
TALMAS	3	M	PUR SANG	1	0	1	4864,00	3648,00	8512,00	4864,00	440
LETHAL BEAUTY	3	F	PUR SANG	2	0	1	4864,00	3648,00	8512,00	2432,00	410
JUST THE TWO OF US	3	M	PUR SANG	1	0	1	4864,00	3648,00	8512,00	4864,00	445
SENEQUE	3	M	PUR SANG	1	0	1	4864,00	3648,00	8512,00	4864,00	435
STUNNING ANGEL	4	F	PUR SANG	5	0	2	4853,00	2183,00	7036,00	970,60	280
PURPLE RAIN	6	H	PUR SANG	2	0	2	4848,00	2181,00	7029,00	2424,00	310
MARA WOOD	5	F	PUR SANG	5	0	4	4836,00	2176,00	7012,00	967,20	210
TERREDEGUERRE	6	F	PUR SANG	4	0	3	4831,00	2173,00	7004,00	1207,75	265
EXELMANS	3	F	PUR SANG	2	0	2	4830,00	3622,00	8452,00	2415,00	
MILANO	3	M	PUR SANG	2	0	2	4830,00	0,00	4830,00	2415,00	340
KAPO ROSSO	6	H	PUR SANG	4	0	2	4817,00	2167,00	6984,00	1204,25	220
MANDLEFT	9	F	PUR SANG	6	0	4	4801,00	2159,00	6960,00	800,17	250
GARMI	5	F	PUR SANG	4	0	3	4801,00	2159,00	6960,00	1200,25	215
ZELMAN	5	H	PUR SANG	3	0	3	4796,00	2157,00	6953,00	1598,67	380
SPEEDSTER	5	H	PUR SANG	4	0	2	4795,00	2157,00	6952,00	1198,75	330
CHANT DORE	4	M	PUR SANG	5	0	4	4789,00	2152,00	6941,00	957,80	275
AMRITA	7	H	PUR SANG	3	0	3	4784,00	2151,00	6935,00	1594,67	285
RUN VICTORIA	3	F	PUR SANG	3	0	2	4771,00	3578,00	8349,00	1590,33	335
NARKEZ	5	H	PUR SANG	1	0	1	4760,00	2142,00	6902,00	4760,00	460
MONT DE SOLEIL	6	H	PUR SANG	1	0	1	4760,00	2142,00	6902,00	4760,00	490
DARING PRINCE	5	M	PUR SANG	1	0	1	4760,00	2142,00	6902,00	4760,00	460
MANAHATA	4	F	PUR SANG	1	1	0	4750,00	0,00	4750,00	4750,00	
ARMORIGENE	9	H	PUR SANG	5	0	2	4736,00	2130,00	6866,00	947,20	235
ANGEL CHARLY	6	F	PUR SANG	5	0	4	4732,00	0,00	4732,00	946,40	265
LAMIRAL DARHAAN	5	H	PUR SANG	5	0	4	4725,00	2125,00	6850,00	945,00	270
IL CAPO	5	H	PUR SANG	4	0	2	4724,00	2125,00	6849,00	1181,00	345
OCRA	3	F	PUR SANG	3	0	2	4724,00	3543,00	8267,00	1574,67	355
GLAM LIGHT	3	F	PUR SANG	3	0	3	4704,00	3528,00	8232,00	1568,00	315
AUTUMN TWILIGHT	8	M	PUR SANG	5	0	2	4704,00	0,00	4704,00	940,80	215
ESTEPONA	4	M	PUR SANG	1	0	1	4694,00	2111,00	6805,00	4694,00	465
SPIRIT OF ZARAK	3	F	PUR SANG	1	0	1	4694,00	3519,00	8213,00	4694,00	
ALAM	3	M	PUR SANG	1	0	1	4694,00	3519,00	8213,00	4694,00	
TANQUES	3	M	PUR SANG	1	0	1	4694,00	3519,00	8213,00	4694,00	385
PALLADIO	3	M	PUR SANG	2	0	1	4694,00	3519,00	8213,00	2347,00	370
NARYMAN	3	H	PUR SANG	1	0	1	4694,00	3519,00	8213,00	4694,00	390
OVERNIGHT	3	M	PUR SANG	1	0	1	4694,00	3519,00	8213,00	4694,00	
ASSYRIE	3	F	PUR SANG	1	0	1	4694,00	3519,00	8213,00	4694,00	
PALM SPRINGS	3	F	PUR SANG	1	0	1	4694,00	3519,00	8213,00	4694,00	385
VEGAMIX	3	M	PUR SANG	1	0	1	4694,00	3519,00	8213,00	4694,00	
FREERIDER	3	H	PUR SANG	1	0	1	4694,00	3519,00	8213,00	4694,00	
MORGANA GOLD	3	F	PUR SANG	2	0	1	4694,00	3519,00	8213,00	2347,00	
PERSIAN GRACE	3	F	PUR SANG	1	0	1	4694,00	3519,00	8213,00	4694,00	
MENNULA	3	F	PUR SANG	1	0	1	4694,00	3519,00	8213,00	4694,00	
AURORA BEAU REAL	3	F	PUR SANG	1	0	1	4694,00	0,00	4694,00	4694,00	
BARZAMBITION	3	M	PUR SANG	1	0	1	4694,00	0,00	4694,00	4694,00	
EKLLEEL	3	F	PUR SANG	1	0	1	4694,00	0,00	4694,00	4694,00	385
KINASANI	3	H	PUR SANG	1	0	1	4694,00	0,00	4694,00	4694,00	
AMIE AMOUR	3	F	PUR SANG	1	0	1	4694,00	0,00	4694,00	4694,00	
AZAMITA	3	F	PUR SANG	1	0	1	4694,00	0,00	4694,00	4694,00	
ARBUS	3	F	PUR SANG	1	0	1	4694,00	0,00	4694,00	4694,00	
GRAN HABANO	4	H	PUR SANG	4	0	3	4694,00	0,00	4694,00	1173,50	335
ETERNITYS GREY	4	F	PUR SANG	2	0	2	4670,00	2101,00	6771,00	2335,00	305
MOON RIDER	6	H	PUR SANG	6	0	4	4666,00	2098,00	6764,00	777,67	260
DARK ZEL	6	F	PUR SANG	3	0	2	4662,00	2096,00	6758,00	1554,00	320
MANOUIA	3	F	PUR SANG	3	1	2	4650,00	3487,00	8137,00	1550,00	555
CHARLIE OSCAR	3	M	PUR SANG	2	0	2	4636,00	0,00	4636,00	2318,00	
LAUPER	7	F	PUR SANG	3	0	3	4635,00	2083,00	6718,00	1545,00	330
CARCAGNY	3	F	PUR SANG	2	0	2	4623,00	3466,00	8089,00	2311,50	385
MAGDA	3	M	PUR SANG	2	0	2	4623,00	3466,00	8089,00	2311,50	395
TWO NIJINSKY CEN	3	F	PUR SANG	3	0	3	4621,00	3465,00	8086,00	1540,33	305
PENNSYLVANIA	4	F	PUR SANG	2	0	2	4620,00	2078,00	6698,00	2310,00	335
MORUS	4	H	PUR SANG	3	0	2	4607,00	2072,00	6679,00	1535,67	280
KIASTEP	9	F	PUR SANG	4	0	3	4604,00	2071,00	6675,00	1151,00	150
J'AIME MA REINE	7	F	PUR SANG	2	1	1	4590,00	2065,00	6655,00	2295,00	520
STARNBERG	4	M	PUR SANG	3	0	3	4586,00	2062,00	6648,00	1528,67	400
MA BARBIE'K	4	F	PUR SANG	5	0	4	4582,00	2060,00	6642,00	916,40	275
BELLANO	5	M	PUR SANG	1	0	1	4581,00	2061,00	6642,00	4581,00	445
ZIGGY STAR	4	M	PUR SANG	2	0	1	4581,00	2061,00	6642,00	2290,50	375
BLUE SEABIRD	4	H	PUR SANG	1	0	1	4581,00	2061,00	6642,00	4581,00	355
MOST GLAMOROUS	4	F	PUR SANG	1	0	1	4581,00	0,00	4581,00	4581,00	365
SAILOR'S RETURN	3	F	PUR SANG	3	0	2	4581,00	0,00	4581,00	1527,00	310
CAPE CANNON	5	H	PUR SANG	3	0	3	4574,00	2057,00	6631,00	1524,67	345
REDSIA FAL	4	F	PUR SANG	3	0	2	4564,00	2052,00	6616,00	1521,33	315
SCHACHEN	3	F	PUR SANG	3	0	2	4563,00	0,00	4563,00	1521,00	375
AMEDRAS	9	H	PUR SANG	3	0	1	4560,00	2052,00	6612,00	1520,00	370
HE TOUCHED ME	4	F	PUR SANG	3	0	1	4560,00	2052,00	6612,00	1520,00	345
WEEMAGATEE	4	F	PUR SANG	3	0	1	4560,00	2052,00	6612,00	1520,00	345
BORNAWAY	4	F	PUR SANG	1	0	1	4560,00	2052,00	6612,00	4560,00	335
SILK ROADSTER	3	H	PUR SANG	1	0	1	4560,00	0,00	4560,00	4560,00	375
MARACAMAYA	5	F	PUR SANG	4	0	4	4553,00	2046,00	6599,00	1138,25	280
TEMADIVA	3	F	PUR SANG	5	0	4	4552,00	3414,00	7966,00	910,40	260
NOUSDEUX	5	F	PUR SANG	5	0	3	4544,00	2043,00	6587,00	908,80	295
GOLDEN BLUSH	4	F	PUR SANG	5	0	4	4539,00	2042,00	6581,00	907,80	315
CHATEAU ESQUIULE	4	H	PUR SANG	3	0	2	4532,00	2038,00	6570,00	1510,67	320
NOCE DE RUBIS	4	F	PUR SANG	3	0	3	4532,00	2038,00	6570,00	1510,67	355
KEEN LADY	4	F	PUR SANG	2	0	2	4524,00	2034,00	6558,00	2262,00	300
MORPHEWAN	6	M	PUR SANG	2	0	1	4522,00	2034,00	6556,00	2261,00	430
VASIGREEN	7	F	PUR SANG	5	0	4	4490,00	2019,00	6509,00	898,00	275
STARLIT DESTINY	3	F	PUR SANG	2	0	2	4482,00	0,00	4482,00	2241,00	
VIVE LA REINE	5	F	PUR SANG	4	0	4	4476,00	2013,00	6489,00	1119,00	275
FRANCISCANO	4	H	PUR SANG	3	0	2	4467,00	2009,00	6476,00	1489,00	345
WHITE SHARK	3	M	PUR SANG	4	0	2	4464,00	3348,00	7812,00	1116,00	340
EVEROSE	3	F	PUR SANG	4	0	3	4456,00	0,00	4456,00	1114,00	270
LE LANDIN	3	M	PUR SANG	3	0	3	4449,00	3336,00	7785,00	1483,00	360
ROCK BLANC	9	H	PUR SANG	3	0	2	4446,00	2000,00	6446,00	1482,00	415
FOREST GALORE	3	H	PUR SANG	2	0	2	4446,00	3334,00	7780,00	2223,00	360
BLEU NUIT	3	H	PUR SANG	2	0	2	4446,00	3334,00	7780,00	2223,00	355
MYBOYFRIEND	7	H	PUR SANG	4	0	2	4431,00	1992,00	6423,00	1107,75	310
ILUMINE PRECIEUSE	8	F	PUR SANG	4	0	3	4423,00	1989,00	6412,00	1105,75	290
AMBROSIA DE VAIGE	3	F	PUR SANG	2	0	2	4416,00	3312,00	7728,00	2208,00	320
BARENIA	3	F	PUR SANG	4	0	3	4416,00	3312,00	7728,00	1104,00	285
LOVING QUEEN	3	F	PUR SANG	2	0	2	4416,00	3312,00	7728,00	2208,00	
TERFAAS DESERT	3	M	PUR SANG	3	0	2	4416,00	0,00	4416,00	1472,00	310
STAR OF THE NIGHT	5	F	PUR SANG	3	0	2	4408,00	1982,00	6390,00	1469,33	365
NOBLE AMBER	8	F	PUR SANG	4	0	4	4406,00	1981,00	6387,00	1101,50	300
MOZART DES BRIERES	6	H	PUR SANG	3	0	2	4392,00	1976,00	6368,00	1464,00	345
SIJOUX	5	F	PUR SANG	3	0	2	4375,00	0,00	4375,00	1458,33	290
OPIUM OF SUCCESS	2	H	PUR SANG	1	0	1	4370,00	3277,00	7647,00	4370,00	
FRUITION	4	F	PUR SANG	3	0	3	4366,00	1963,00	6329,00	1455,33	250
MARIYAM	3	F	PUR SANG	3	0	3	4363,00	3272,00	7635,00	1454,33	330
WAKABURN	7	H	PUR SANG	3	0	3	4350,00	1956,00	6306,00	1450,00	420
SHEEMA'S ROSE	5	F	PUR SANG	3	0	2	4342,00	1952,00	6294,00	1447,33	340
ONE REPUBLIK	3	F	PUR SANG	4	0	4	4340,00	3255,00	7595,00	1085,00	615
ACCLAM	8	H	PUR SANG	6	0	4	4329,00	1945,00	6274,00	721,50	290
LOVATREE PARIS	3	F	PUR SANG	3	0	3	4290,00	3217,00	7507,00	1430,00	315
CENTRICAL	8	H	PUR SANG	4	0	3	4289,00	1929,00	6218,00	1072,25	375
LA ALMADIA	3	F	PUR SANG	5	0	3	4279,00	3207,00	7486,00	855,80	280
BOOMERANG	8	H	PUR SANG	4	0	4	4274,00	1921,00	6195,00	1068,50	225
YODA	3	H	PUR SANG	4	0	3	4256,00	3190,00	7446,00	1064,00	280
RUE VISCONTY	4	F	PUR SANG	2	0	2	4250,00	1911,00	6161,00	2125,00	280
BIG VICTOR	3	H	PUR SANG	5	0	4	4248,00	3185,00	7433,00	849,60	285
ASTON CLINTON	4	H	PUR SANG	2	0	2	4246,00	0,00	4246,00	2123,00	305
JOJO JUNIOR	5	H	PUR SANG	3	0	2	4245,00	1910,00	6155,00	1415,00	295
AVEC DES SI	3	F	PUR SANG	5	0	3	4243,00	3182,00	7425,00	848,60	310
PIQUOISEAU	4	H	PUR SANG	5	0	2	4230,00	1903,00	6133,00	846,00	390
SOMMERBLAU	4	F	PUR SANG	4	0	3	4226,00	1900,00	6126,00	1056,50	355
NAOMIS	3	F	PUR SANG	2	0	2	4220,00	3165,00	7385,00	2110,00	370
SEVENDAY	5	H	PUR SANG	7	0	4	4218,00	1896,00	6114,00	602,57	305
PARVAGE	3	M	PUR SANG	3	0	2	4208,00	3155,00	7363,00	1402,67	330
TSAVERNA	3	F	PUR SANG	2	0	2	4201,00	3150,00	7351,00	2100,50	345
TEMPLE GATE	7	H	PUR SANG	2	0	1	4200,00	1889,00	6089,00	2100,00	305
CAMBREMER	4	F	PUR SANG	1	0	1	4200,00	1889,00	6089,00	4200,00	340
LAKE NAIVASHA	7	F	PUR SANG	4	0	1	4200,00	0,00	4200,00	1050,00	260
RAM SEA	4	H	PUR SANG	2	0	1	4200,00	0,00	4200,00	2100,00	345
BAVAROIS	3	H	PUR SANG	5	0	3	4193,00	3144,00	7337,00	838,60	295
SCREEN SHOT	7	H	PUR SANG	4	0	4	4174,00	1877,00	6051,00	1043,50	320
ADORA	3	F	PUR SANG	2	0	2	4149,00	3111,00	7260,00	2074,50	260
MANGAKEN	5	H	PUR SANG	5	0	2	4145,00	1865,00	6010,00	829,00	335
SMILE FOR ME	4	F	PUR SANG	4	0	2	4142,00	1863,00	6005,00	1035,50	305
BOLKHOV	4	H	PUR SANG	3	0	3	4132,00	1857,00	5989,00	1377,33	290
DAMASK BLADE	9	H	PUR SANG	4	0	3	4131,00	1857,00	5988,00	1032,75	375
REVE SUR LE NIL	3	F	PUR SANG	4	0	3	4129,00	3096,00	7225,00	1032,25	350
VERITABLE	6	H	PUR SANG	2	0	2	4128,00	1857,00	5985,00	2064,00	360
LANDARYNA	8	F	PUR SANG	5	0	3	4126,00	1856,00	5982,00	825,20	165
LATTAASH	5	H	PUR SANG	3	0	3	4126,00	0,00	4126,00	1375,33	280
OUREA	4	F	PUR SANG	2	1	1	4120,00	1854,00	5974,00	2060,00	575
RAFFLES HONOUR	5	F	PUR SANG	1	1	0	4100,00	1845,00	5945,00	4100,00	555
CITY LIFE	5	H	PUR SANG	1	1	0	4100,00	1845,00	5945,00	4100,00	
LA FAMA	3	F	PUR SANG	4	0	4	4088,00	3066,00	7154,00	1022,00	265
ZALETTO	6	H	PUR SANG	4	0	3	4069,00	1830,00	5899,00	1017,25	245
BAIONA	7	F	PUR SANG	3	0	3	4066,00	1829,00	5895,00	1355,33	205
PRINCE OF DAWN	6	H	PUR SANG	3	0	3	4063,00	1826,00	5889,00	1354,33	265
FITZCARRALDO	9	H	PUR SANG	3	0	1	4032,00	1814,00	5846,00	1344,00	295
CALAS QUEEN	8	F	PUR SANG	4	0	2	4032,00	1814,00	5846,00	1008,00	155
CUNCERTO	7	H	PUR SANG	1	0	1	4032,00	1814,00	5846,00	4032,00	360
