Nom	Chevaux	Partants	Victoires	Places	Allocation tot.	Prime Prop.	Alloc. + Prime Prop.	Prim. Eleveur	Gain/Part.	Gain/Chev.	Course/Chev.
CRISTIAN DEMURO	639	1141	152	669	4016339,00	1973099,00	5989438,00	629794,00	3520,02	6285	2
MICKAEL BARZALONA	332	582	139	319	5568158,00	1702581,00	7270739,00	506563,00	9567,28	16772	2
MARVIN GRANDIN	566	1051	117	600	2644753,00	1305937,00	3950690,00	428064,00	2516,42	4673	2
MAXIME GUYON	365	627	104	350	3789048,00	1632193,00	5421241,00	472877,00	6043,14	10381	2
ANTONIO ORANI	263	526	93	309	1509189,00	776304,00	2285493,00	247686,00	2869,18	5738	2
ALEXIS POUCHIN	353	589	75	326	2257235,00	981529,00	3238764,00	307890,00	3832,32	6394	2
CHRISTOPHE SOUMILLON	246	379	62	225	2941884,00	860309,00	3802193,00	272508,00	7762,23	11959	2
TONY PICCONE	348	686	56	366	1819675,00	712689,00	2532364,00	245360,00	2652,59	5229	2
CLEMENT LECOEUVRE	285	501	55	263	1520990,00	656784,00	2177774,00	202988,00	3035,91	5337	2
HUGO BESNIER	175	376	54	232	1009983,00	571978,00	1581961,00	177278,00	2686,13	5771	2
PIERRE-CHARLES BOUDOT	227	289	54	154	1827095,00	553276,00	2380371,00	173356,00	6322,13	8049	1
AUGUSTIN MADAMET	366	637	52	372	1431882,00	681923,00	2113805,00	228964,00	2247,85	3912	2
AURELIEN LEMAITRE	358	637	49	327	1384189,00	641657,00	2025846,00	201613,00	2172,98	3866	2
HUGO BOUTIN	220	476	45	262	872987,00	403251,00	1276238,00	139124,00	1834,01	3968	2
THEO BACHELOT	313	539	43	289	1234264,00	614286,00	1848550,00	207330,00	2289,91	3943	2
MME DELPHINE SANTIAGO	235	446	43	202	682798,00	300120,00	982918,00	109264,00	1530,94	2906	2
ANTHONY CRASTUS	351	637	42	358	1263691,00	589729,00	1853420,00	203205,00	1983,82	3600	2
ALEXANDRE GAVILAN	138	272	42	157	641966,00	228228,00	870194,00	109908,00	2360,17	4652	2
THOMAS TRULLIER	271	536	40	293	912279,00	432398,00	1344677,00	151481,00	1702,01	3366	2
HUGO LEBOUC	244	430	40	239	623592,00	253953,00	877545,00	104439,00	1450,21	2556	2
ANTOINE HAMELIN	213	417	38	233	977756,00	491878,00	1469634,00	158131,00	2344,74	4590	2
FABRICE VERON	322	490	36	253	776179,00	350220,00	1126399,00	131320,00	1584,04	2410	2
GUILLAUME GUEDJ-GAY	142	257	35	167	879896,00	349756,00	1229652,00	143006,00	3423,72	6196	2
MARTIN PROTTI	146	249	35	133	463892,00	210231,00	674123,00	68907,00	1863,02	3177	2
STEPHANE PASQUIER	198	363	34	194	1093201,00	444844,00	1538045,00	133960,00	3011,57	5521	2
CHRISTOPHER GROSBOIS	204	318	34	169	419396,00	165265,00	584661,00	73265,00	1318,86	2056	2
EDDY HARDOUIN	243	506	33	257	883857,00	379479,00	1263336,00	135840,00	1746,75	3637	2
ANTOINE WERLE	156	302	33	177	644548,00	304288,00	948836,00	121709,00	2134,26	4132	2
LEO ROUSSEL	162	293	33	161	512987,00	210896,00	723883,00	88877,00	1750,81	3167	2
MME AMBRE MOLINS	175	334	33	147	575924,00	278568,00	854492,00	99824,00	1724,32	3291	2
MME MARIE VELON	245	381	32	214	629522,00	293658,00	923180,00	101857,00	1652,29	2569	2
IORITZ MENDIZABAL	223	374	31	237	732711,00	360417,00	1093128,00	132107,00	1959,12	3286	2
DORIAN PROVOST	181	330	30	177	607842,00	296281,00	904123,00	103511,00	1841,95	3358	2
LEONARD PLOMMEE	101	169	29	75	373057,00	150294,00	523351,00	51307,00	2207,44	3694	2
MME FRIDA VALLE SKAR	183	371	28	179	628083,00	302351,00	930434,00	110381,00	1692,95	3432	2
JEROME CLAUDIC	181	316	28	155	530526,00	245450,00	775976,00	92746,00	1678,88	2931	2
PIERRE REMOUE	202	300	28	149	432495,00	188447,00	620942,00	75154,00	1441,65	2141	1
LUDOVIC BOISSEAU	245	455	27	238	661035,00	339939,00	1000974,00	115632,00	1452,82	2698	2
AXEL BARON	143	281	24	155	395188,00	177789,00	572977,00	70681,00	1406,36	2764	2
GABRIEL BON	53	106	24	66	145835,00	77170,00	223005,00	28092,00	1375,80	2752	2
ROMAIN DUBORD	121	233	23	113	261752,00	91829,00	353581,00	43088,00	1123,40	2163	2
FABIEN LEFEBVRE	108	229	22	124	358737,00	154411,00	513148,00	60689,00	1566,54	3322	2
GUILLAUME TROLLEY DE PREVAUX	103	163	22	97	373362,00	172422,00	545784,00	62122,00	2290,56	3625	2
MME LORETTE GALLO	72	216	21	119	414569,00	226532,00	641101,00	77721,00	1919,30	5758	3
HUGO JOURNIAC	139	281	20	161	516119,00	295128,00	811247,00	84386,00	1836,72	3713	2
JULIEN GUILLOCHON	119	227	19	130	277342,00	131595,00	408937,00	50065,00	1221,77	2331	2
ENZO CORALLO	142	217	19	105	384167,00	187070,00	571237,00	61530,00	1770,35	2705	2
LEO-PAUL BRECHET	86	115	19	59	242622,00	86985,00	329607,00	39618,00	2109,76	2821	1
MME CORALIE PACAUT	176	289	18	142	327315,00	163671,00	490986,00	57002,00	1132,58	1860	2
MME MARIE WALDHAUSER	114	232	18	135	323218,00	132202,00	455420,00	59902,00	1393,18	2835	2
YOANN ROUSSET	92	175	18	98	232786,00	91542,00	324328,00	41739,00	1330,21	2530	2
PIERRE BAZIRE	102	198	18	84	293639,00	98097,00	391736,00	39916,00	1483,03	2879	2
MALONE FAVRIAUX	179	267	17	148	417582,00	170267,00	587849,00	54723,00	1563,98	2333	1
SAMY LE QUILLEUC	110	188	17	98	280025,00	135418,00	415443,00	52023,00	1489,49	2546	2
NUNO MANUEL LOPES DUARTE	121	206	16	103	238447,00	136806,00	375253,00	44157,00	1157,51	1971	2
JEAN-BERNARD EYQUEM	68	108	16	70	341566,00	182269,00	523835,00	56065,00	3162,65	5023	2
MAXENCE MARQUETTE	109	154	16	64	207721,00	87892,00	295613,00	29129,00	1348,84	1906	1
MME MARGOT ROMARY	100	149	16	60	169236,00	51369,00	220605,00	28381,00	1135,81	1692	1
ALEJANDRO GUTIERREZ VAL	88	179	15	90	253257,00	108214,00	361471,00	36529,00	1414,84	2878	2
MME ADELINE MEROU	79	138	15	81	170420,00	60100,00	230520,00	30054,00	1234,93	2157	2
EBBE VERHESTRAETEN	70	132	15	71	243163,00	100320,00	343483,00	25992,00	1842,14	3474	2
JEREMY MOISAN	50	84	15	51	126519,00	67523,00	194042,00	24547,00	1506,18	2530	2
MAXIME FOULON	140	254	14	136	335647,00	121273,00	456920,00	61320,00	1321,44	2397	2
XAVIER BERGERON	93	158	14	82	187782,00	62951,00	250733,00	31916,00	1188,49	2019	2
HUGO MOUESAN	122	166	14	79	219432,00	78667,00	298099,00	31552,00	1321,88	1799	1
EMILIEN PUILLET-RODA	97	144	13	83	192007,00	81064,00	273071,00	32600,00	1333,38	1979	1
JORDAN PLATEAUX	53	79	13	41	142650,00	17108,00	159758,00	25163,00	1805,70	2692	1
DAVID BREUX	146	245	12	110	218694,00	102140,00	320834,00	38686,00	892,63	1498	2
RONAN THOMAS	48	156	12	90	458181,00	272356,00	730537,00	81458,00	2937,06	9545	3
CLEMENT CADEL	84	136	12	84	183157,00	59236,00	242393,00	32194,00	1346,74	2180	2
BENJAMIN MARIE	109	156	12	83	237752,00	85401,00	323153,00	32767,00	1524,05	2181	1
LAURENT DOREAU	25	54	12	32	134499,00	4401,00	138900,00	24274,00	2490,72	5380	2
WARREN LEVESQUE	133	196	11	115	204543,00	97063,00	301606,00	34825,00	1043,59	1538	1
GLEN MEURY	129	175	11	94	214232,00	109446,00	323678,00	36171,00	1224,18	1661	1
JEROME MOUTARD	105	157	11	93	270081,00	114654,00	384735,00	40694,00	1720,26	2572	1
VALENTIN SEGUY	86	122	11	56	205688,00	55705,00	261393,00	32833,00	1685,97	2392	1
MME ELAURA CIESLIK	19	39	11	23	123897,00	11473,00	135370,00	22499,00	3176,85	6521	2
MICKAEL FOREST	106	195	10	109	244894,00	94838,00	339732,00	43054,00	1255,87	2310	2
MME LAURA POGGIONOVO	103	185	10	103	198386,00	75320,00	273706,00	32085,00	1072,36	1926	2
MATTHIAS LAURON	85	150	10	78	120376,00	40302,00	160678,00	22482,00	802,51	1416	2
YOANN BARILLE	93	122	10	59	116469,00	26056,00	142525,00	20650,00	954,66	1252	1
ARNAUD BOURGEAIS	58	80	10	41	134097,00	40461,00	174558,00	24991,00	1676,21	2312	1
MME LEA BAILS	41	77	10	33	179030,00	76937,00	255967,00	28308,00	2325,06	4367	2
CEDRIC REYNAUD	21	46	10	30	58460,00	29110,00	87570,00	10742,00	1270,87	2784	2
ROSARIO MANGIONE	134	236	9	112	243304,00	115883,00	359187,00	40342,00	1030,95	1816	2
MAXIMILIEN JUSTUM	110	221	9	108	198805,00	90040,00	288845,00	36993,00	899,57	1807	2
MME MANON GERMAIN	94	165	9	85	182963,00	91251,00	274214,00	28811,00	1108,87	1946	2
OLIVIER D' ANDIGNE	77	138	9	76	209793,00	61375,00	271168,00	38156,00	1520,24	2725	2
ANTHONY BERNARD	93	180	9	74	139828,00	60186,00	200014,00	24946,00	776,82	1504	2
MME JULIA LACROIX	32	124	9	55	124952,00	55514,00	180466,00	22256,00	1007,68	3905	4
GIOVANNI SIAS	73	109	9	52	138170,00	64342,00	202512,00	20674,00	1267,61	1893	1
ADRIAN LE LAY MARTIN	55	73	9	50	151062,00	62777,00	213839,00	19490,00	2069,34	2747	1
THOMAS BLANCHOUIN	50	75	9	39	90591,00	32908,00	123499,00	15256,00	1207,88	1812	2
CLEMENT MERILLE	53	106	8	54	144050,00	30415,00	174465,00	26463,00	1358,96	2718	2
CHRISTOPHER RAIMBAULT	72	102	8	54	93471,00	21867,00	115338,00	15561,00	916,38	1298	1
MME LUANA DUPELIN LALUNG	19	69	8	52	73535,00	39673,00	113208,00	14253,00	1065,72	3870	4
MATHIEU CALBRIX	69	102	8	46	126224,00	43450,00	169674,00	14427,00	1237,49	1829	1
ARTHUR VILCHIEN	51	74	8	42	108868,00	49757,00	158625,00	17623,00	1471,19	2135	1
MME SOPHIE TISON	46	84	8	33	116381,00	54986,00	171367,00	16806,00	1385,49	2530	2
TIMOTHE BREBION	61	75	8	29	90315,00	37600,00	127915,00	12732,00	1204,20	1481	1
VICTOR DUPONT	31	54	8	29	82099,00	46041,00	128140,00	16077,00	1520,35	2648	2
RICARDO MANUEL SOUSA FERREIRA	34	45	8	22	106740,00	52264,00	159004,00	16342,00	2372,00	3139	1
MME PERRINE CHEYER	107	170	7	75	147688,00	47770,00	195458,00	18378,00	868,75	1380	2
FRANCK TORRALBA	27	69	7	48	64820,00	30989,00	95809,00	12428,00	939,42	2401	3
PIERRE LE DIGABEL	45	69	7	39	105661,00	32425,00	138086,00	15963,00	1531,32	2348	2
MME SARAH AKARI-SOUIDANE	39	72	7	31	46858,00	28611,00	75469,00	9798,00	650,81	1201	2
LUCA CARBONI	51	67	7	27	94922,00	29571,00	124493,00	9401,00	1416,75	1861	1
MICHEL WENDEL	23	40	7	27	90463,00	15853,00	106316,00	16171,00	2261,58	3933	2
ANTHONY GIREL	32	65	7	26	64223,00	30230,00	94453,00	10607,00	988,05	2007	2
MARTIN SEIDL	22	25	7	11	68653,00	9041,00	77694,00	2926,00	2746,12	3121	1
BERTRAND FLANDRIN	68	112	6	72	115691,00	38651,00	154342,00	15688,00	1032,96	1701	2
COSTANTINO CARBONI	57	94	6	44	107023,00	42775,00	149798,00	14251,00	1138,54	1878	2
ARTHUR MOSSE	43	70	6	36	99395,00	50291,00	149686,00	16652,00	1419,93	2312	2
MME SHANA TOPIN	53	79	6	34	72591,00	38640,00	111231,00	13376,00	918,87	1370	1
LUKA ROUSSEAU	24	37	6	24	75857,00	8401,00	84258,00	13733,00	2050,19	3161	2
MME MARINA BRUNELLI	44	83	5	47	68285,00	36334,00	104619,00	13367,00	822,71	1552	2
SOUFIANE SAADI	55	68	5	36	85014,00	21871,00	106885,00	10772,00	1250,21	1546	1
MME MANON FLEURY	35	72	5	36	72423,00	34031,00	106454,00	13780,00	1005,88	2069	2
MME SIBYLLE VOGT	39	62	5	33	107614,00	36967,00	144581,00	11078,00	1735,71	2759	2
CHRISTOPHE BILLARDELLO	25	54	5	33	68565,00	32508,00	101073,00	11496,00	1269,72	2743	2
VINCENT CHENET	34	71	5	32	79789,00	13811,00	93600,00	14562,00	1123,79	2347	2
BRYAN LABATE	26	43	5	28	74910,00	23338,00	98248,00	9085,00	1742,09	2881	2
GARY SANCHEZ	40	50	5	25	62212,00	32088,00	94300,00	11649,00	1244,24	1555	1
MME MATHILDE CABAL	51	74	5	25	52305,00	26299,00	78604,00	10176,00	706,82	1026	1
GABRIEL ROTH LE VAILLANT	31	43	5	21	43015,00	17616,00	60631,00	7174,00	1000,35	1388	1
MME ALISON MASSIN	21	38	5	19	71607,00	39377,00	110984,00	10393,00	1884,39	3410	2
KEVIN GAUDEFFROY	37	46	5	19	43882,00	13253,00	57135,00	7826,00	953,96	1186	1
CLEMENT GUITRAUD	20	28	5	18	56633,00	0,00	56633,00	10025,00	2022,61	2832	1
MME ANAELLE MEKOUCHE	66	127	4	60	118172,00	49833,00	168005,00	19120,00	930,49	1790	2
MME LAURA GROSSO	50	85	4	37	68648,00	22671,00	91319,00	12610,00	807,62	1373	2
JACKY NICOLEAU	68	100	4	35	87218,00	39779,00	126997,00	13809,00	872,18	1283	1
ENZO CRUBLET	48	57	4	28	61950,00	28831,00	90781,00	10743,00	1086,84	1291	1
MME AXELLE DUQUESNOY	20	62	4	25	68907,00	25400,00	94307,00	10164,00	1111,40	3445	3
EMANUELE SOLINAS	24	43	4	21	48244,00	22373,00	70617,00	7259,00	1121,95	2010	2
DYLAN ALBERCA-GAVILAN	29	51	4	19	42058,00	21847,00	63905,00	8458,00	824,67	1450	2
VACLAV JANACEK	21	27	4	18	71261,00	34862,00	106123,00	12465,00	2639,30	3393	1
MME LEANE DAVID	24	43	4	17	36262,00	7501,00	43763,00	3452,00	843,30	1511	2
LUCAS ZULIANI	15	22	4	15	72560,00	0,00	72560,00	12962,00	3298,18	4837	1
MAEL GRONDIN	14	28	4	12	55583,00	20155,00	75738,00	7281,00	1985,11	3970	2
LEON WOLFF	14	18	4	6	55919,00	15910,00	71829,00	4794,00	3106,61	3994	1
ANTOINE SUBIAS	100	143	3	68	89721,00	31121,00	120842,00	15083,00	627,42	897	1
NICOLAS BAUDET	60	92	3	35	55103,00	28759,00	83862,00	10461,00	598,95	918	2
MME CAMILLE COLLET-VIDAL	11	53	3	27	64976,00	27692,00	92668,00	9122,00	1225,96	5907	5
RICHARD JUTEAU	45	65	3	26	53307,00	15126,00	68433,00	9497,00	820,11	1185	1
DAMIEN MORIN	32	41	3	21	36669,00	11522,00	48191,00	5056,00	894,37	1146	1
SEBASTIEN JUST	30	64	3	21	31088,00	10789,00	41877,00	5042,00	485,75	1036	2
MME MAELIE PIEN	21	33	3	15	33170,00	16423,00	49593,00	6424,00	1005,15	1580	2
RYAN-LEE MOORE	12	15	3	9	2192720,00	373089,00	2565809,00	188326,00	146181,33	182727	1
OISIN MURPHY	13	16	3	9	646440,00	23251,00	669691,00	17937,00	40402,50	49726	1
COLIN KEANE	10	16	3	8	335000,00	0,00	335000,00	0,00	20937,50	33500	2
MME ANGELE MENARD-LEDAUPHIN	6	11	3	3	15356,00	4681,00	20037,00	2610,00	1396,00	2559	2
SHANE FOLEY	5	7	3	2	106340,00	0,00	106340,00	0,00	15191,43	21268	1
THEO CHEVILLARD	6	6	3	1	16160,00	0,00	16160,00	2813,00	2693,33	2693	1
MAEL LE CALLONEC	63	89	2	45	75430,00	37618,00	113048,00	13649,00	847,53	1197	1
JENTE MARIEN	43	71	2	22	49008,00	20930,00	69938,00	8286,00	690,25	1140	2
BRANDON FLAMENT	37	48	2	19	37291,00	8456,00	45747,00	3842,00	776,90	1008	1
MME SARAH ST LARY LEROY	16	32	2	16	39701,00	18749,00	58450,00	5187,00	1240,66	2481	2
SEBASTIANO DERIU	19	24	2	14	38546,00	28043,00	66589,00	6980,00	1606,08	2029	1
MME CECILIA POIRIER	28	41	2	14	23916,00	8887,00	32803,00	4372,00	583,32	854	1
ANGELO ZULIANI	20	26	2	12	35720,00	0,00	35720,00	6427,00	1373,85	1786	1
BRUNO AUGUSTO PAIVA LOPES	13	28	2	11	31180,00	13240,00	44420,00	5204,00	1113,57	2398	2
MME SOPHIE CHUETTE	18	28	2	10	26580,00	17293,00	43873,00	5222,00	949,29	1477	2
WILLIAM BUICK	12	13	2	7	269920,00	0,00	269920,00	0,00	20763,08	22493	1
MME CANDICE SPERRY	20	27	2	7	13497,00	8975,00	22472,00	2047,00	499,89	675	1
BOLOT KALYSBEK UULU	6	10	2	4	27844,00	12576,00	40420,00	3814,00	2784,40	4641	2
MME COLINE SAULOUP	10	14	2	4	15938,00	6765,00	22703,00	1996,00	1138,43	1594	1
QUENTIN GAIGNARD	4	4	2	2	10600,00	0,00	10600,00	1716,00	2650,00	2650	1
MME LEA DENUAULT	10	13	2	2	10375,00	5193,00	15568,00	2068,00	798,08	1038	1
DYLAN BROWNE MCMONAGLE	5	5	2	1	207429,00	42245,00	249674,00	11570,00	41485,80	41486	1
SYLVAIN RUIS	49	60	1	28	58631,00	29342,00	87973,00	9933,00	977,18	1197	1
ALEXANDRE LASTRAJOLI	16	31	1	22	30198,00	6099,00	36297,00	5337,00	974,13	1887	2
JAMES WILLIAM DOYLE	23	28	1	19	340218,00	36046,00	376264,00	15142,00	12150,64	14792	1
NICOLAS ASTIER	26	48	1	19	18587,00	9316,00	27903,00	3592,00	387,23	715	2
MME CELESTINE BOUVIER	21	40	1	17	22879,00	11153,00	34032,00	3352,00	571,98	1089	2
MME VICTORIA ALONSO VIDAL DE LA PENA	17	28	1	16	33875,00	14645,00	48520,00	6028,00	1209,82	1993	2
GABRIELE CONGIU	19	43	1	16	21014,00	9769,00	30783,00	3253,00	488,70	1106	2
FRANCK FORESI	20	26	1	15	21797,00	6454,00	28251,00	3897,00	838,35	1090	1
MME ELLA MUNTWYLER	19	30	1	13	22950,00	12680,00	35630,00	4569,00	765,00	1208	2
MME GWLADYS FRADELIN	27	30	1	13	17686,00	3552,00	21238,00	3331,00	589,53	655	1
KOBE VANDERBEKE	19	42	1	12	24899,00	10388,00	35287,00	4172,00	592,83	1310	2
MME MEGANE PESLIER	17	17	1	11	28730,00	14451,00	43181,00	5640,00	1690,00	1690	1
MME AXELLE NICCO	8	21	1	10	26861,00	9238,00	36099,00	4884,00	1279,10	3358	3
CHARLY BOUTTIER	24	32	1	7	7588,00	1105,00	8693,00	1295,00	237,13	316	1
LEONARDO CANGIANO	5	8	1	6	18224,00	9385,00	27609,00	3587,00	2278,00	3645	2
REMI CAMPOS	1	8	1	6	17938,00	8068,00	26006,00	3378,00	2242,25	17938	8
CHARLES CLAYEUX	9	10	1	6	13271,00	749,00	14020,00	2401,00	1327,10	1475	1
TOM MARQUAND	9	10	1	5	514897,00	69424,00	584321,00	35138,00	51489,70	57211	1
MME ESTHER RUTH WEISSMEIER	14	18	1	5	21964,00	466,00	22430,00	127,00	1220,22	1569	1
HAKIM TABET	8	8	1	5	14063,00	5989,00	20052,00	2005,00	1757,88	1758	1
MME LEA SUISSE	3	6	1	4	10180,00	0,00	10180,00	1832,00	1696,67	3393	2
MAVIS MUNGROO	13	14	1	4	9741,00	4382,00	14123,00	1833,00	695,79	749	1
MME LUCIE CASTILLON	9	16	1	4	8463,00	2853,00	11316,00	948,00	528,94	940	2
CHRISTOPHE-PATRICE LEMAIRE	5	5	1	3	78373,00	2061,00	80434,00	863,00	15674,60	15675	1
AKIRA SUGAWARA	4	4	1	3	25249,00	15914,00	41163,00	5349,00	6312,25	6312	1
JAIME GELABERT BAUTISTA	7	8	1	3	15487,00	2647,00	18134,00	742,00	1935,88	2212	1
EDGAR LABAISSE	5	5	1	3	11600,00	0,00	11600,00	2056,00	2320,00	2320	1
AUGUSTIN GLEYROUX	5	5	1	3	10114,00	0,00	10114,00	1768,00	2022,80	2023	1
ARNAUD DE LEPINE	7	8	1	3	6300,00	3150,00	9450,00	1162,00	787,50	900	1
PIERRE-LOUIS JAMIN	5	6	1	2	90620,00	0,00	90620,00	0,00	15103,33	18124	1
BAUYRZHAN MURZABAYEV	3	5	1	2	17994,00	5361,00	23355,00	1467,00	3598,80	5998	2
SAMUEL LEGRIX	6	8	1	2	12262,00	9194,00	21456,00	2788,00	1532,75	2044	1
MME ANGELA DAIFI	3	3	1	2	11006,00	5095,00	16101,00	2092,00	3668,67	3669	1
FEDERICO BOSSA	3	3	1	2	5900,00	1207,00	7107,00	373,00	1966,67	1967	1
SILVESTRE DE SOUSA	2	2	1	1	39115,00	1886,00	41001,00	374,00	19557,50	19558	1
PETR FORET	2	3	1	1	36130,00	23803,00	59933,00	5810,00	12043,33	18065	2
CESAR BELMONT	2	2	1	1	16360,00	7361,00	23721,00	3082,00	8180,00	8180	1
MME CONSTANCE BERGES	1	3	1	1	12428,00	5592,00	18020,00	2342,00	4142,67	12428	3
ADEL MOHAMMED MEELAD ALQEEYADI	1	2	1	1	11040,00	4968,00	16008,00	2081,00	5520,00	11040	2
MME EVELYN AILEN RODRIGUEZ	2	2	1	1	8394,00	3776,00	12170,00	1581,00	4197,00	4197	1
MME BRYONY LE CLERC	2	2	1	1	8150,00	0,00	8150,00	1467,00	4075,00	4075	1
ANTHONY RENARD	2	2	1	1	5500,00	0,00	5500,00	990,00	2750,00	2750	1
SANDRO GESSA	3	4	1	1	4650,00	2092,00	6742,00	875,00	1162,50	1550	1
HECTOR CROUCH	2	2	1	0	80000,00	0,00	80000,00	0,00	40000,00	40000	1
BILLY LOUGHNANE	4	4	1	0	36600,00	0,00	36600,00	0,00	9150,00	9150	1
CALLUM RODRIGUEZ	2	2	1	0	36600,00	0,00	36600,00	0,00	18300,00	18300	1
NICOLAS DE JULIAN ALONSO	1	2	1	0	7700,00	3465,00	11165,00	949,00	3850,00	7700	2
JACQUES RICOU	1	1	1	0	7300,00	3285,00	10585,00	899,00	7300,00	7300	1
MME MARGOT BESNARD	3	5	1	0	5000,00	0,00	5000,00	900,00	1000,00	1667	2
ESTEBAN METIVIER	2	2	1	0	5000,00	0,00	5000,00	900,00	2500,00	2500	1
MME NINON MARTEL	2	2	1	0	4500,00	2025,00	6525,00	554,00	2250,00	2250	1
TRISTAN LEMAGNEN	1	1	1	0	4000,00	0,00	4000,00	640,00	4000,00	4000	1
RICCARDO IACOPINI	21	29	0	20	21803,00	13972,00	35775,00	4629,00	751,83	1038	1
MOHAMMAD ZEESHAAN SAHEBJAN	35	50	0	16	14285,00	3128,00	17413,00	1932,00	285,70	408	1
TITOUAN SPORLI	11	15	0	12	14851,00	0,00	14851,00	2633,00	990,07	1350	1
LOUIS ARMANCE	12	21	0	11	13794,00	8206,00	22000,00	2813,00	656,86	1150	2
RICARDO NICOLAS VALLE	9	13	0	11	8702,00	3901,00	12603,00	1441,00	669,38	967	1
MARC LERNER	10	21	0	10	24960,00	18715,00	43675,00	4016,00	1188,57	2496	2
RAMON AGUILERA PUENTE	8	27	0	10	10556,00	4621,00	15177,00	1999,00	390,96	1320	3
ANTHONY JARDEL	11	16	0	8	8647,00	3004,00	11651,00	1600,00	540,44	786	1
TYSON VENTADOUR	6	11	0	7	9342,00	0,00	9342,00	1632,00	849,27	1557	2
STEPHANE BREUX	23	29	0	7	8064,00	3545,00	11609,00	1082,00	278,07	351	1
DYLAN SALMON	13	16	0	7	6052,00	3094,00	9146,00	1153,00	378,25	466	1
MME MARGAUX ANTZ	9	14	0	7	5394,00	1481,00	6875,00	860,00	385,29	599	2
JEREMY DOS SANTOS	9	10	0	7	4620,00	2727,00	7347,00	952,00	462,00	513	1
MME MICHAELA MALACOVA	10	13	0	7	4177,00	1964,00	6141,00	641,00	321,31	418	1
DORDE PEROVIC	5	7	0	6	12050,00	8657,00	20707,00	2582,00	1721,43	2410	1
THOMAS JOURNIAC	11	11	0	6	10460,00	0,00	10460,00	1834,00	950,91	951	1
CLIFFORD LEE	9	10	0	5	311485,00	324,00	311809,00	135,00	31148,50	34609	1
CLEMENT LEFEBVRE	6	6	0	5	7856,00	1135,00	8991,00	1433,00	1309,33	1309	1
MME LIYA GAUBERT	9	16	0	5	6105,00	216,00	6321,00	766,00	381,56	678	2
LUKE MORRIS	8	8	0	4	58080,00	0,00	58080,00	0,00	7260,00	7260	1
SIMON PLANQUE	6	6	0	4	9464,00	2736,00	12200,00	1842,00	1577,33	1577	1
MME OLIVIA LONGUET	8	10	0	4	5916,00	4324,00	10240,00	1337,00	591,60	740	1
AXIL GUILLOTEAU	11	12	0	4	5532,00	3123,00	8655,00	1132,00	461,00	503	1
JEF VERBEECK	3	6	0	4	4680,00	0,00	4680,00	0,00	780,00	1560	2
JOSE EMILIO GOMEZ	4	5	0	4	4020,00	2020,00	6040,00	784,00	804,00	1005	1
LUKAS DELEAU	6	9	0	4	3882,00	2911,00	6793,00	881,00	431,33	647	2
MME NAHUELL MASSELIS	6	8	0	4	2561,00	994,00	3555,00	457,00	320,13	427	1
THEO LE GRAET	12	16	0	4	2245,00	1565,00	3810,00	494,00	140,31	187	1
MME KERRIE RAYBOULD	10	11	0	4	2236,00	0,00	2236,00	292,00	203,27	224	1
CORENTIN BERGE	5	5	0	4	2120,00	1134,00	3254,00	421,00	424,00	424	1
NATAN BOUVRY	8	9	0	4	1502,00	370,00	1872,00	234,00	166,89	188	1
MME MORGANE TEVELS	3	4	0	4	1177,00	528,00	1705,00	188,00	294,25	392	1
CHRISTOPHER DENIS HAYES	4	5	0	3	53852,00	594,00	54446,00	180,00	10770,40	13463	1
SEAN M. LEVEY	3	3	0	3	47320,00	0,00	47320,00	0,00	15773,33	15773	1
DAVIDE PILITTA	3	5	0	3	8897,00	4001,00	12898,00	1210,00	1779,40	2966	2
THORE HAMMER-HANSEN	6	6	0	3	7420,00	0,00	7420,00	0,00	1236,67	1237	1
ALEXIS BADEL	5	6	0	3	4809,00	1978,00	6787,00	541,00	801,50	962	1
ADRIEN FOUCHET	7	7	0	3	3750,00	0,00	3750,00	639,00	535,71	536	1
TOMAS ROMAN	5	5	0	3	3475,00	1389,00	4864,00	582,00	695,00	695	1
TIBARI EL MAYMOUNY	7	8	0	3	3030,00	1845,00	4875,00	505,00	378,75	433	1
ADAM D'JJI	8	9	0	3	2699,00	1316,00	4015,00	520,00	299,89	337	1
MATHIS ZULIANI	2	3	0	3	2556,00	0,00	2556,00	459,00	852,00	1278	2
ALEXANDRE CHESNEAU	5	6	0	3	2139,00	1060,00	3199,00	450,00	356,50	428	1
DANIELE FORTUNA	8	9	0	3	2025,00	1030,00	3055,00	364,00	225,00	253	1
BRUNO GABRIEL LOURENCO FERREIRA	4	4	0	3	1650,00	741,00	2391,00	290,00	412,50	412	1
GABIN SEIGNEUL	14	15	0	3	1425,00	356,00	1781,00	108,00	95,00	102	1
ETHAN CHINCHILLA	5	5	0	3	1369,00	435,00	1804,00	245,00	273,80	274	1
WAYNE-MARTIN LORDAN	3	4	0	2	182318,00	0,00	182318,00	0,00	45579,50	60773	1
KIERAN SHOEMARK	8	9	0	2	21135,00	0,00	21135,00	0,00	2348,33	2642	1
MILAN ZATLOUKAL	3	7	0	2	7545,00	4284,00	11829,00	1238,00	1077,86	2515	2
LUCAS VANDAMME	2	2	0	2	4200,00	0,00	4200,00	756,00	2100,00	2100	1
MME DENISA SIKOROVA	5	5	0	2	3606,00	1622,00	5228,00	678,00	721,20	721	1
LUDOVIC PHILIPPERON	2	2	0	2	3449,00	0,00	3449,00	620,00	1724,50	1724	1
GAUVAIN FAIVRE-PICON	4	4	0	2	3400,00	0,00	3400,00	612,00	850,00	850	1
STANISLAS BEROUD	4	4	0	2	3280,00	0,00	3280,00	590,00	820,00	820	1
TOBY MOORE	4	4	0	2	3185,00	1248,00	4433,00	522,00	796,25	796	1
GIOVANNI BOINARD	5	5	0	2	3000,00	0,00	3000,00	508,00	600,00	600	1
TOM SERVIER	4	5	0	2	2804,00	0,00	2804,00	503,00	560,80	701	1
ALEXANDRE ORAIN	2	2	0	2	2800,00	0,00	2800,00	448,00	1400,00	1400	1
MME ELISABETH BAZIRE	5	6	0	2	2400,00	0,00	2400,00	424,00	400,00	480	1
ALEXANDRE BOUILLE	1	2	0	2	2300,00	0,00	2300,00	414,00	1150,00	2300	2
OMAR DANIEL ANDRADA	2	2	0	2	2252,00	1163,00	3415,00	443,00	1126,00	1126	1
CHARLIE PRICE	1	2	0	2	2250,00	0,00	2250,00	405,00	1125,00	2250	2
DAVID RODRIGUEZ	9	10	0	2	2175,00	1405,00	3580,00	352,00	217,50	242	1
BASTIEN MARCHAND	2	2	0	2	2125,00	0,00	2125,00	381,00	1062,50	1062	1
MUHAMMAD MUBASHIR ZAHEER CHUKOORY	2	4	0	2	2000,00	375,00	2375,00	383,00	500,00	1000	2
MME CHLOE DAMOUR	9	9	0	2	1742,00	968,00	2710,00	352,00	193,56	194	1
ANTOINE COUPU	7	8	0	2	1700,00	0,00	1700,00	282,00	212,50	243	1
MME ELSA ISOARDI	2	2	0	2	1488,00	1116,00	2604,00	315,00	744,00	744	1
MICHAL ABIK	2	2	0	2	1437,00	646,00	2083,00	270,00	718,50	718	1
MME ZINEB EL BRIOUIL	4	6	0	2	1380,00	360,00	1740,00	215,00	230,00	345	2
ANTOINE MASSON	2	2	0	2	1300,00	0,00	1300,00	234,00	650,00	650	1
MIGUEL LOPEZ	2	2	0	2	1100,00	300,00	1400,00	91,00	550,00	550	1
MME SARAH PEDRON	2	4	0	2	800,00	0,00	800,00	128,00	200,00	400	2
KOEN CLIJMANS	4	4	0	2	672,00	162,00	834,00	67,00	168,00	168	1
MME MAELISSE GAOULE	2	4	0	2	616,00	462,00	1078,00	140,00	154,00	308	2
DAVID EGAN	4	4	0	1	137160,00	0,00	137160,00	0,00	34290,00	34290	1
RONAN PATRICK WHELAN	2	2	0	1	80010,00	0,00	80010,00	0,00	40005,00	40005	1
JACK MITCHELL	1	1	0	1	45720,00	0,00	45720,00	0,00	45720,00	45720	1
BEN COEN	1	1	0	1	21698,00	0,00	21698,00	0,00	21698,00	21698	1
JACK CALLAN	1	1	0	1	10060,00	0,00	10060,00	0,00	10060,00	10060	1
RAY DAWSON	1	1	0	1	10060,00	0,00	10060,00	0,00	10060,00	10060	1
ROSSA RYAN	4	4	0	1	7545,00	0,00	7545,00	0,00	1886,25	1886	1
DAVID JAMES ALLAN	1	1	0	1	7320,00	0,00	7320,00	0,00	7320,00	7320	1
MME HOLLIE DOYLE	3	3	0	1	5030,00	0,00	5030,00	0,00	1676,67	1677	1
VINCENT CHAK YIU HO	2	2	0	1	4760,00	0,00	4760,00	0,00	2380,00	2380	1
CIEREN FALLON	1	1	0	1	4760,00	0,00	4760,00	0,00	4760,00	4760	1
MICHAEL CADEDDU	2	2	0	1	3458,00	2593,00	6051,00	786,00	1729,00	1729	1
BRENYS MARIN ESTUPINAN DURAN	1	1	0	1	3458,00	1556,00	5014,00	651,00	3458,00	3458	1
ANTHONY LECORDIER	1	1	0	1	2774,00	1248,00	4022,00	341,00	2774,00	2774	1
MONIR MADIHI	1	1	0	1	2380,00	0,00	2380,00	0,00	2380,00	2380	1
MME MATHILDE COLLET	1	1	0	1	2262,00	1017,00	3279,00	278,00	2262,00	2262	1
LOUNIS MABROUK	4	5	0	1	2223,00	1667,00	3890,00	330,00	444,60	556	1
MATHIEU DELAGE	1	1	0	1	2044,00	919,00	2963,00	385,00	2044,00	2044	1
VICTOR NAIL-ROCHER	3	4	0	1	2000,00	0,00	2000,00	360,00	500,00	667	1
ADRIEN BLAIS	2	2	0	1	2000,00	0,00	2000,00	360,00	1000,00	1000	1
JOEL PHELIPPE	1	1	0	1	1960,00	0,00	1960,00	352,00	1960,00	1960	1
MME MAIKE RIEHL	2	5	0	1	1920,00	0,00	1920,00	0,00	384,00	960	3
ANDREA FELE	2	2	0	1	1800,00	810,00	2610,00	339,00	900,00	900	1
GABIN MEUNIER	2	2	0	1	1540,00	0,00	1540,00	277,00	770,00	770	1
KYLIAN GEFFROY	3	3	0	1	1400,00	0,00	1400,00	252,00	466,67	467	1
MME LOU FABRE	1	1	0	1	1400,00	0,00	1400,00	252,00	1400,00	1400	1
GERARD GUILLERMO	3	6	0	1	1350,00	607,00	1957,00	254,00	225,00	450	2
GERALD MOSSE	1	1	0	1	1314,00	591,00	1905,00	247,00	1314,00	1314	1
HARRY KIMBER	1	1	0	1	1260,00	0,00	1260,00	226,00	1260,00	1260	1
MME MIA BARS HUGONOT	3	3	0	1	1200,00	0,00	1200,00	192,00	400,00	400	1
CORENTIN SMEULDERS	2	2	0	1	1200,00	0,00	1200,00	192,00	600,00	600	1
TEDDY VABOIS	2	2	0	1	1100,00	0,00	1100,00	198,00	550,00	550	1
TIM BURGIN	2	2	0	1	1071,00	481,00	1552,00	201,00	535,50	536	1
KENNY CARPENTIER	1	1	0	1	1000,00	0,00	1000,00	180,00	1000,00	1000	1
ALEXIS GAUTRON	1	1	0	1	1000,00	0,00	1000,00	180,00	1000,00	1000	1
MATHIS CYPRIA	2	2	0	1	800,00	0,00	800,00	128,00	400,00	400	1
IGNACIO MELGAREJO LORING	2	2	0	1	768,00	345,00	1113,00	144,00	384,00	384	1
NOLANN FOUILLARD	4	4	0	1	700,00	0,00	700,00	126,00	175,00	175	1
NITEERAJ SEEGOOLAM	1	4	0	1	625,00	281,00	906,00	117,00	156,25	625	4
ROBERTO-CARLOS MONTENEGRO	1	1	0	1	584,00	262,00	846,00	109,00	584,00	584	1
RAYAN POINCOT	1	2	0	1	560,00	0,00	560,00	100,00	280,00	560	2
MME LUCIE FIALOVA	3	3	0	1	500,00	0,00	500,00	80,00	166,67	167	1
KILIAN DUBOURG	2	2	0	1	500,00	0,00	500,00	90,00	250,00	250	1
JACK CLEARY	1	1	0	1	412,00	185,00	597,00	77,00	412,00	412	1
MME MAELYS HERVE	5	5	0	1	400,00	180,00	580,00	75,00	80,00	80	1
LOUIS COLSON	4	4	0	1	400,00	0,00	400,00	64,00	100,00	100	1
LOUIS NOMIS	2	2	0	1	400,00	0,00	400,00	64,00	200,00	200	1
JEREMY BRY	1	1	0	1	400,00	0,00	400,00	64,00	400,00	400	1
CORENTIN GOUSSE	1	1	0	1	400,00	0,00	400,00	64,00	400,00	400	1
JULIEN GROSJEAN	1	1	0	1	365,00	164,00	529,00	68,00	365,00	365	1
MME INES SADAOUI	1	3	0	1	303,00	136,00	439,00	57,00	101,00	303	3
MME CHLOE MIGNONNEAU	2	2	0	1	301,00	135,00	436,00	56,00	150,50	150	1
ALESSANDRO SCAGLIA	1	1	0	1	288,00	129,00	417,00	54,00	288,00	288	1
MME MICHAELA MUSIALOVA	1	1	0	1	247,00	111,00	358,00	46,00	247,00	247	1
YOUSSEF LACHHAB	2	2	0	1	234,00	0,00	234,00	0,00	117,00	117	1
GREGORY BENOIST	1	1	0	1	219,00	98,00	317,00	41,00	219,00	219	1
EWAN OUDIN	6	10	0	0	0,00	0,00	0,00	0,00	0,00	0	2
MME ALEXIA PIHERY	4	6	0	0	0,00	0,00	0,00	0,00	0,00	0	2
RYAN SAHAJASEIN	5	5	0	0	0,00	0,00	0,00	0,00	0,00	0	1
MME ELISE GAVARD	4	4	0	0	0,00	0,00	0,00	0,00	0,00	0	1
MME ANNABELLE WASSERMANN	4	4	0	0	0,00	0,00	0,00	0,00	0,00	0	1
MME ROMANE ALAVEZ	3	3	0	0	0,00	0,00	0,00	0,00	0,00	0	1
MME JURICO BOGAERTS	1	3	0	0	0,00	0,00	0,00	0,00	0,00	0	3
JULIAN DEROUET	3	3	0	0	0,00	0,00	0,00	0,00	0,00	0	1
AXEL LEPAGE	3	3	0	0	0,00	0,00	0,00	0,00	0,00	0	1
JEAN-FREDERIC RAMBUR	3	3	0	0	0,00	0,00	0,00	0,00	0,00	0	1
MIRKO SANNA	3	3	0	0	0,00	0,00	0,00	0,00	0,00	0	1
PABLO WERDER	3	3	0	0	0,00	0,00	0,00	0,00	0,00	0	1
FLORENT BAYLE	2	2	0	0	0,00	0,00	0,00	0,00	0,00	0	1
MME LARISSA BIESS	2	2	0	0	0,00	0,00	0,00	0,00	0,00	0	1
NATHAN BOUAJIB	2	2	0	0	0,00	0,00	0,00	0,00	0,00	0	1
PATRICK JAMES COSGRAVE	2	2	0	0	0,00	0,00	0,00	0,00	0,00	0	1
JOSE MANUEL DA CUNHA LIMA	2	2	0	0	0,00	0,00	0,00	0,00	0,00	0	1
YVES DECORTE	2	2	0	0	0,00	0,00	0,00	0,00	0,00	0	1
MME MORGAN DEHENS	1	2	0	0	0,00	0,00	0,00	0,00	0,00	0	2
SAM JAMES	2	2	0	0	0,00	0,00	0,00	0,00	0,00	0	1
MME MATHILDE LAURENT	2	2	0	0	0,00	0,00	0,00	0,00	0,00	0	1
TOMY LIMAYRAC	2	2	0	0	0,00	0,00	0,00	0,00	0,00	0	1
MME VIRGINIE MONTEIRO	2	2	0	0	0,00	0,00	0,00	0,00	0,00	0	1
PRAPHAN PHOKAEW	2	2	0	0	0,00	0,00	0,00	0,00	0,00	0	1
CRISTIAN PIU	2	2	0	0	0,00	0,00	0,00	0,00	0,00	0	1
ANDREA RICUPA	2	2	0	0	0,00	0,00	0,00	0,00	0,00	0	1
SALMAN FAHAD AL-HAJRI	1	1	0	0	0,00	0,00	0,00	0,00	0,00	0	1
JOAO HENRIQUE ALMANSA MOREIRA	1	1	0	0	0,00	0,00	0,00	0,00	0,00	0	1
GEORGEL ANTON	1	1	0	0	0,00	0,00	0,00	0,00	0,00	0	1
NATHAN BAILLOU	1	1	0	0	0,00	0,00	0,00	0,00	0,00	0	1
SEBASTIEN BARBIER	1	1	0	0	0,00	0,00	0,00	0,00	0,00	0	1
MME LILOU BEDOUET	1	1	0	0	0,00	0,00	0,00	0,00	0,00	0	1
MICKAEL BERTO	1	1	0	0	0,00	0,00	0,00	0,00	0,00	0	1
ENZO BONNET	1	1	0	0	0,00	0,00	0,00	0,00	0,00	0	1
MATTHIEU CHAILLOLEAU	1	1	0	0	0,00	0,00	0,00	0,00	0,00	0	1
CHRISTOPHE DEHENS	1	1	0	0	0,00	0,00	0,00	0,00	0,00	0	1
ARTHUR DUVACHER	1	1	0	0	0,00	0,00	0,00	0,00	0,00	0	1
LEWIS EDMUNDS	1	1	0	0	0,00	0,00	0,00	0,00	0,00	0	1
CARLO FIOCCHI	1	1	0	0	0,00	0,00	0,00	0,00	0,00	0	1
KAIYA FRASER	1	1	0	0	0,00	0,00	0,00	0,00	0,00	0	1
DAVID GALLON	1	1	0	0	0,00	0,00	0,00	0,00	0,00	0	1
PATRICK GIBSON	1	1	0	0	0,00	0,00	0,00	0,00	0,00	0	1
EDWARD GREATREX	1	1	0	0	0,00	0,00	0,00	0,00	0,00	0	1
NICOLAS GUILBERT	1	1	0	0	0,00	0,00	0,00	0,00	0,00	0	1
GIOELE GUNGUI	1	1	0	0	0,00	0,00	0,00	0,00	0,00	0	1
FILIP HELLEBRAND	1	1	0	0	0,00	0,00	0,00	0,00	0,00	0	1
THOMAS JAGUELIN	1	1	0	0	0,00	0,00	0,00	0,00	0,00	0	1
TOLGA KOYUNCU	1	1	0	0	0,00	0,00	0,00	0,00	0,00	0	1
MME OCEANE LAUNAY	1	1	0	0	0,00	0,00	0,00	0,00	0,00	0	1
DYLAN LECOMTE	1	1	0	0	0,00	0,00	0,00	0,00	0,00	0	1
BERTRAND LESTRADE	1	1	0	0	0,00	0,00	0,00	0,00	0,00	0	1
LEO MAGREX	1	1	0	0	0,00	0,00	0,00	0,00	0,00	0	1
EMILIEN MANCEAU	1	1	0	0	0,00	0,00	0,00	0,00	0,00	0	1
ADRIAN MARTINEZ TORRES	1	1	0	0	0,00	0,00	0,00	0,00	0,00	0	1
SZCZEPAN MAZUR	1	1	0	0	0,00	0,00	0,00	0,00	0,00	0	1
MME LAURE NEUVILLE	1	1	0	0	0,00	0,00	0,00	0,00	0,00	0	1
MME ELODIE MARIE PALAU TERUEL	1	1	0	0	0,00	0,00	0,00	0,00	0,00	0	1
MME LAURA PEARSON	1	1	0	0	0,00	0,00	0,00	0,00	0,00	0	1
NICOL POLLI	1	1	0	0	0,00	0,00	0,00	0,00	0,00	0	1
MME AMANDINE SEIGNOUX	1	1	0	0	0,00	0,00	0,00	0,00	0,00	0	1
YUTAKA TAKE	1	1	0	0	0,00	0,00	0,00	0,00	0,00	0	1
MME JULIA ZAMBUDIO PEREZ	1	1	0	0	0,00	0,00	0,00	0,00	0,00	0	1
